,Time,DriverNumber,LapTime,LapNumber,Stint,PitOutTime,PitInTime,Sector1Time,Sector2Time,Sector3Time,Sector1SessionTime,Sector2SessionTime,Sector3SessionTime,SpeedI1,SpeedI2,SpeedFL,SpeedST,Compound,TyreLife,FreshTyre,LapStartTime,Team,Driver,TrackStatus,IsAccurate,LapStartDate
0,00:14:24,10,,1,1,00:12:20,,,00:00:37,00:00:40,,00:13:43,00:14:24,265.0,247.0,251.0,269.0,SOFT,1.0,True,,AlphaTauri,GAS,1,False,
1,00:15:53,10,00:01:29,2,1,,,00:00:34,00:00:30,00:00:23,00:14:58,00:15:29,00:15:53,277.0,290.0,252.0,325.0,SOFT,2.0,True,00:14:24,AlphaTauri,GAS,2,True,2021-10-09 12:02:18.156
2,00:17:40,10,00:01:47,3,1,,,00:00:38,00:00:39,00:00:28,00:16:32,00:17:11,00:17:40,251.0,225.0,254.0,280.0,SOFT,3.0,True,00:15:53,AlphaTauri,GAS,1,True,2021-10-09 12:03:47.655
3,00:19:07,10,00:01:26,4,1,,,00:00:32,00:00:30,00:00:23,00:18:13,00:18:43,00:19:07,279.0,290.0,252.0,319.0,SOFT,4.0,True,00:17:40,AlphaTauri,GAS,1,True,2021-10-09 12:05:34.869
4,00:20:59,10,00:01:51,5,1,,,00:00:42,00:00:40,00:00:29,00:19:49,00:20:29,00:20:59,254.0,263.0,254.0,281.0,SOFT,5.0,True,00:19:07,AlphaTauri,GAS,2,True,2021-10-09 12:07:01.502
5,00:22:24,10,00:01:25,6,1,,,00:00:32,00:00:30,00:00:23,00:21:31,00:22:01,00:22:24,281.0,291.0,253.0,324.0,SOFT,6.0,True,00:20:59,AlphaTauri,GAS,2,True,2021-10-09 12:08:53.226
6,00:24:07,10,00:01:42,7,2,,00:24:06,00:00:40,00:00:34,00:00:28,00:23:04,00:23:39,00:24:07,255.0,267.0,,278.0,SOFT,1.0,True,00:22:24,AlphaTauri,GAS,2,False,2021-10-09 12:10:18.712
7,00:28:22,10,,8,2,00:26:39,,,00:00:33,00:00:33,,00:27:49,00:28:22,262.0,283.0,254.0,276.0,SOFT,2.0,True,00:24:07,AlphaTauri,GAS,1,False,2021-10-09 12:12:01.382
8,00:29:47,10,00:01:24,9,2,,,00:00:31,00:00:29,00:00:23,00:28:54,00:29:23,00:29:47,281.0,292.0,253.0,320.0,SOFT,3.0,True,00:28:22,AlphaTauri,GAS,1,True,2021-10-09 12:16:16.633
9,00:31:41,10,00:01:54,10,3,,00:31:41,00:00:40,00:00:41,00:00:31,00:30:27,00:31:09,00:31:41,245.0,262.0,,231.0,SOFT,1.0,True,00:29:47,AlphaTauri,GAS,1,False,2021-10-09 12:17:41.337
10,00:39:07,10,,11,3,00:37:24,,,00:00:34,00:00:33,,00:38:34,00:39:07,265.0,276.0,254.0,273.0,UNKNOWN,2.0,False,00:31:41,AlphaTauri,GAS,1,False,2021-10-09 12:19:35.746
11,00:40:32,10,00:01:24,12,3,,,00:00:31,00:00:29,00:00:23,00:39:39,00:40:09,00:40:32,279.0,290.0,253.0,321.0,UNKNOWN,3.0,False,00:39:07,AlphaTauri,GAS,2,True,2021-10-09 12:27:01.407
12,00:42:20,10,00:01:48,13,3,,,00:00:43,00:00:38,00:00:26,00:41:15,00:41:54,00:42:20,250.0,260.0,255.0,293.0,UNKNOWN,4.0,False,00:40:32,AlphaTauri,GAS,1,True,2021-10-09 12:28:26.171
13,00:43:44,10,00:01:24,14,3,,,00:00:31,00:00:29,00:00:23,00:42:52,00:43:21,00:43:44,281.0,289.0,252.0,317.0,MEDIUM,5.0,True,00:42:20,AlphaTauri,GAS,1,True,2021-10-09 12:30:14.788
14,00:45:26,10,00:01:42,15,4,,00:45:26,00:00:38,00:00:34,00:00:29,00:44:23,00:44:57,00:45:26,255.0,263.0,,267.0,MEDIUM,1.0,True,00:43:44,AlphaTauri,GAS,1,False,2021-10-09 12:31:38.961
15,00:50:04,10,,16,4,00:48:21,,,00:00:36,00:00:32,,00:49:32,00:50:04,265.0,91.0,255.0,275.0,MEDIUM,2.0,True,00:45:26,AlphaTauri,GAS,2,False,2021-10-09 12:33:21.031
16,00:51:28,10,00:01:23,17,4,,,00:00:31,00:00:29,00:00:23,00:50:35,00:51:05,00:51:28,282.0,292.0,255.0,322.0,MEDIUM,3.0,True,00:50:04,AlphaTauri,GAS,2,True,2021-10-09 12:37:58.650
17,00:53:16,10,00:01:48,18,5,,00:53:16,00:00:42,00:00:35,00:00:30,00:52:10,00:52:46,00:53:16,257.0,261.0,,244.0,MEDIUM,1.0,True,00:51:28,AlphaTauri,GAS,1,False,2021-10-09 12:39:22.467
18,01:02:12,10,,19,5,01:00:24,,,00:00:40,00:00:27,,01:01:45,01:02:13,262.0,224.0,254.0,289.0,SOFT,2.0,True,00:53:16,AlphaTauri,GAS,1,False,2021-10-09 12:41:10.937
19,01:03:36,10,00:01:23,20,5,,,00:00:30,00:00:29,00:00:23,01:02:43,01:03:13,01:03:36,280.0,291.0,252.0,323.0,SOFT,3.0,True,01:02:12,AlphaTauri,GAS,1,True,2021-10-09 12:50:07.033
20,01:05:17,10,00:01:40,21,6,,01:05:16,00:00:36,00:00:34,00:00:28,01:04:13,01:04:48,01:05:17,254.0,264.0,,270.0,SOFT,1.0,True,01:03:36,AlphaTauri,GAS,1,False,2021-10-09 12:51:30.553
21,01:10:24,10,,22,6,01:08:37,,,00:00:41,00:00:27,,01:09:57,01:10:24,262.0,253.0,255.0,287.0,SOFT,2.0,True,01:05:17,AlphaTauri,GAS,1,False,2021-10-09 12:53:11.146
22,01:11:48,10,00:01:23,23,6,,,00:00:30,00:00:29,00:00:23,01:10:55,01:11:24,01:11:48,280.0,289.0,251.0,321.0,SOFT,3.0,True,01:10:24,AlphaTauri,GAS,1,True,2021-10-09 12:58:18.908
23,01:13:31,10,,24,6,,01:15:09,00:00:41,00:00:37,00:00:23,01:12:29,01:13:07,01:15:09,249.0,258.0,,223.0,SOFT,4.0,True,01:11:48,AlphaTauri,GAS,1,False,2021-10-09 12:59:42.234
24,00:15:04,33,,1,1,00:12:57,,,00:00:34,00:00:56,,00:14:08,00:15:04,259.0,194.0,244.0,194.0,SOFT,1.0,True,,Red Bull,VER,1,False,
25,00:16:48,33,00:01:44,2,1,,,00:00:41,00:00:34,00:00:28,00:15:45,00:16:20,00:16:48,269.0,212.0,252.0,250.0,SOFT,2.0,True,00:15:04,Red Bull,VER,2,True,2021-10-09 12:02:58.143
26,00:18:15,33,00:01:26,3,1,,,00:00:32,00:00:30,00:00:23,00:17:21,00:17:51,00:18:15,278.0,292.0,252.0,318.0,SOFT,3.0,True,00:16:48,Red Bull,VER,1,True,2021-10-09 12:04:42.673
27,00:19:41,33,00:01:26,4,1,,,00:00:32,00:00:30,00:00:23,00:18:47,00:19:17,00:19:41,276.0,282.0,252.0,311.0,SOFT,4.0,True,00:18:15,Red Bull,VER,1,True,2021-10-09 12:06:09.365
28,00:21:17,33,00:01:36,5,2,,00:21:17,00:00:36,00:00:33,00:00:25,00:20:17,00:20:51,00:21:17,245.0,261.0,,265.0,SOFT,1.0,True,00:19:41,Red Bull,VER,2,False,2021-10-09 12:07:35.414
29,00:25:58,33,,6,2,00:24:10,,,00:00:40,00:00:35,,00:25:22,00:25:58,269.0,140.0,253.0,232.0,SOFT,7.0,False,00:21:17,Red Bull,VER,2,False,2021-10-09 12:09:11.798
30,00:27:23,33,00:01:25,7,2,,,00:00:32,00:00:29,00:00:23,00:26:30,00:27:00,00:27:23,280.0,291.0,252.0,319.0,SOFT,8.0,False,00:25:58,Red Bull,VER,1,True,2021-10-09 12:13:52.564
31,00:29:22,33,00:01:58,8,2,,,00:00:44,00:00:43,00:00:30,00:28:08,00:28:52,00:29:22,138.0,166.0,253.0,243.0,SOFT,9.0,False,00:27:23,Red Bull,VER,1,True,2021-10-09 12:15:17.597
32,00:30:46,33,00:01:24,9,2,,,00:00:31,00:00:29,00:00:23,00:29:53,00:30:23,00:30:46,281.0,292.0,252.0,319.0,SOFT,10.0,False,00:29:22,Red Bull,VER,1,True,2021-10-09 12:17:16.294
33,00:32:27,33,00:01:41,10,3,,00:32:27,00:00:36,00:00:35,00:00:29,00:31:22,00:31:58,00:32:27,229.0,243.0,,232.0,SOFT,6.0,False,00:30:46,Red Bull,VER,1,False,2021-10-09 12:18:40.886
34,00:40:02,33,,11,3,00:38:20,,,00:00:33,00:00:37,,00:39:25,00:40:02,251.0,260.0,254.0,282.0,UNKNOWN,2.0,False,00:32:27,Red Bull,VER,2,False,2021-10-09 12:20:21.948
35,00:41:39,33,00:01:37,12,3,,,00:00:35,00:00:34,00:00:27,00:40:37,00:41:12,00:41:39,270.0,261.0,254.0,253.0,UNKNOWN,3.0,False,00:40:02,Red Bull,VER,2,True,2021-10-09 12:27:56.824
36,00:43:03,33,00:01:24,13,3,,,00:00:31,00:00:29,00:00:22,00:42:11,00:42:40,00:43:03,280.0,292.0,252.0,321.0,MEDIUM,4.0,True,00:41:39,Red Bull,VER,1,True,2021-10-09 12:29:33.890
37,00:44:41,33,00:01:37,14,4,,00:44:41,00:00:35,00:00:35,00:00:26,00:43:39,00:44:14,00:44:41,240.0,258.0,,231.0,MEDIUM,1.0,True,00:43:03,Red Bull,VER,1,False,2021-10-09 12:30:57.892
38,00:47:56,33,,15,4,00:46:26,,,00:00:32,00:00:25,,00:47:31,00:47:56,264.0,260.0,253.0,279.0,UNKNOWN,2.0,False,00:44:41,Red Bull,VER,2,False,2021-10-09 12:32:35.672
39,,33,00:01:24,16,4,,,00:00:31,00:00:29,00:00:23,00:48:28,00:48:57,,280.0,289.0,252.0,318.0,MEDIUM,3.0,True,00:47:56,Red Bull,VER,1,True,2021-10-09 12:35:50.921
40,00:51:17,33,00:01:56,17,4,,,00:00:42,00:00:41,00:00:33,00:50:03,00:50:44,00:51:17,229.0,189.0,247.0,142.0,MEDIUM,4.0,True,,Red Bull,VER,2,True,2021-10-09 12:37:15.043
41,00:52:41,33,00:01:23,18,4,,,00:00:31,00:00:29,00:00:23,00:51:48,00:52:18,00:52:41,281.0,290.0,251.0,316.0,MEDIUM,5.0,True,00:51:17,Red Bull,VER,1,True,2021-10-09 12:39:11.538
42,00:54:22,33,00:01:41,19,5,,00:54:21,00:00:36,00:00:36,00:00:28,00:53:17,00:53:54,00:54:22,234.0,225.0,,232.0,MEDIUM,1.0,True,00:52:41,Red Bull,VER,1,False,2021-10-09 12:40:35.270
43,01:02:45,33,,20,5,01:01:10,,,00:00:36,00:00:26,,01:02:18,01:02:45,270.0,247.0,255.0,277.0,SOFT,2.0,True,00:54:22,Red Bull,VER,1,False,2021-10-09 12:42:16.378
44,01:04:08,33,00:01:23,21,5,,,00:00:30,00:00:29,00:00:22,01:03:16,01:03:45,01:04:08,281.0,292.0,251.0,322.0,SOFT,3.0,True,01:02:45,Red Bull,VER,1,True,2021-10-09 12:50:39.683
45,01:05:45,33,00:01:36,22,6,,01:05:45,00:00:35,00:00:33,00:00:28,01:04:43,01:05:17,01:05:45,239.0,262.0,,222.0,SOFT,1.0,True,01:04:08,Red Bull,VER,1,False,2021-10-09 12:52:02.981
46,01:10:57,33,,23,6,01:09:21,,,00:00:36,00:00:27,,01:10:30,01:10:58,269.0,255.0,254.0,250.0,SOFT,2.0,True,01:05:45,Red Bull,VER,1,False,2021-10-09 12:53:39.832
47,01:12:21,33,00:01:23,24,6,,,00:00:30,00:00:29,00:00:23,01:11:28,01:11:58,01:12:21,280.0,290.0,252.0,314.0,SOFT,3.0,True,01:10:57,Red Bull,VER,1,True,2021-10-09 12:58:52.040
48,01:14:09,33,00:01:48,25,6,,01:14:08,00:00:41,00:00:34,00:00:32,01:13:02,01:13:37,01:14:09,213.0,261.0,,213.0,SOFT,4.0,True,01:12:21,Red Bull,VER,1,False,2021-10-09 13:00:15.236
49,00:15:28,11,,1,1,00:13:07,,,00:00:37,00:01:09,,00:14:18,00:15:28,266.0,159.0,246.0,100.0,SOFT,1.0,True,,Red Bull,PER,1,False,
50,00:16:57,11,00:01:29,2,1,,,00:00:34,00:00:30,00:00:23,00:16:03,00:16:33,00:16:57,276.0,289.0,252.0,317.0,SOFT,2.0,True,00:15:28,Red Bull,PER,1,True,2021-10-09 12:03:22.713
51,00:18:40,11,00:01:42,3,1,,,00:00:36,00:00:38,00:00:26,00:17:34,00:18:13,00:18:40,252.0,264.0,250.0,269.0,SOFT,3.0,True,00:16:57,Red Bull,PER,1,True,2021-10-09 12:04:51.763
52,00:20:07,11,00:01:26,4,1,,,00:00:32,00:00:30,00:00:23,00:19:13,00:19:43,00:20:07,279.0,290.0,249.0,321.0,SOFT,4.0,True,00:18:40,Red Bull,PER,2,True,2021-10-09 12:06:34.236
53,00:21:55,11,00:01:48,5,2,,00:21:54,00:00:43,00:00:35,00:00:29,00:20:50,00:21:25,00:21:55,247.0,247.0,,243.0,SOFT,1.0,True,00:20:07,Red Bull,PER,2,False,2021-10-09 12:08:01.105
54,00:26:03,11,,6,2,00:24:19,,,00:00:32,00:00:35,,00:25:27,00:26:03,267.0,265.0,251.0,177.0,SOFT,2.0,True,00:21:55,Red Bull,PER,2,False,2021-10-09 12:09:49.459
55,00:27:28,11,00:01:25,7,2,,,00:00:32,00:00:29,00:00:23,00:26:35,00:27:05,00:27:28,279.0,293.0,252.0,323.0,SOFT,3.0,True,00:26:03,Red Bull,PER,1,True,2021-10-09 12:13:57.230
56,00:29:27,11,00:01:59,8,2,,,00:00:46,00:00:40,00:00:32,00:28:14,00:28:55,00:29:27,198.0,164.0,251.0,218.0,SOFT,4.0,True,00:27:28,Red Bull,PER,1,True,2021-10-09 12:15:22.688
57,00:30:52,11,00:01:24,9,2,,,00:00:31,00:00:29,00:00:23,00:29:59,00:30:29,00:30:52,280.0,293.0,253.0,324.0,SOFT,5.0,True,00:29:27,Red Bull,PER,1,True,2021-10-09 12:17:21.844
58,00:32:36,11,00:01:44,10,3,,00:32:36,00:00:39,00:00:35,00:00:28,00:31:32,00:32:07,00:32:36,247.0,257.0,,257.0,SOFT,1.0,True,00:30:52,Red Bull,PER,1,False,2021-10-09 12:18:46.807
59,00:39:50,11,,11,3,00:37:47,,,00:00:37,00:00:48,,00:39:02,00:39:50,267.0,137.0,250.0,77.0,UNKNOWN,2.0,False,00:32:36,Red Bull,PER,1,False,2021-10-09 12:20:30.820
60,00:41:58,11,00:02:07,12,3,,,00:01:04,00:00:35,00:00:27,00:40:55,00:41:31,00:41:58,260.0,265.0,250.0,287.0,MEDIUM,3.0,True,00:39:50,Red Bull,PER,2,True,2021-10-09 12:27:44.803
61,00:43:23,11,00:01:24,13,3,,,00:00:31,00:00:29,00:00:23,00:42:30,00:43:00,00:43:23,281.0,291.0,253.0,320.0,MEDIUM,4.0,True,00:41:58,Red Bull,PER,1,True,2021-10-09 12:29:52.775
62,00:45:01,11,00:01:38,14,4,,00:45:00,00:00:36,00:00:34,00:00:27,00:44:00,00:44:34,00:45:01,249.0,259.0,,274.0,MEDIUM,1.0,True,00:43:23,Red Bull,PER,1,False,2021-10-09 12:31:17.459
63,00:48:13,11,,15,4,00:46:43,,,00:00:32,00:00:24,,00:47:48,00:48:13,267.0,263.0,253.0,294.0,MEDIUM,2.0,True,00:45:01,Red Bull,PER,2,False,2021-10-09 12:32:55.648
64,00:49:37,11,00:01:23,16,4,,,00:00:31,00:00:29,00:00:22,00:48:44,00:49:14,00:49:37,281.0,291.0,253.0,322.0,MEDIUM,3.0,True,00:48:13,Red Bull,PER,1,True,2021-10-09 12:36:07.302
65,00:51:35,11,00:01:58,17,4,,,00:00:42,00:00:46,00:00:28,00:50:20,00:51:06,00:51:35,154.0,205.0,253.0,262.0,MEDIUM,4.0,True,00:49:37,Red Bull,PER,2,True,2021-10-09 12:37:31.263
66,00:53:09,11,00:01:33,18,5,,00:53:08,00:00:31,00:00:29,00:00:32,00:52:06,00:52:36,00:53:09,282.0,281.0,,213.0,MEDIUM,1.0,True,00:51:35,Red Bull,PER,1,False,2021-10-09 12:39:29.636
67,01:02:26,11,,19,5,01:00:32,,,00:00:39,00:00:37,,01:01:49,01:02:26,257.0,192.0,252.0,151.0,SOFT,7.0,False,00:53:09,Red Bull,PER,1,False,2021-10-09 12:41:03.408
68,01:03:50,11,00:01:23,20,5,,,00:00:31,00:00:29,00:00:23,01:02:58,01:03:27,01:03:50,280.0,293.0,252.0,321.0,SOFT,8.0,False,01:02:26,Red Bull,PER,1,True,2021-10-09 12:50:20.916
69,01:05:29,11,00:01:38,21,6,,01:05:28,00:00:37,00:00:34,00:00:26,01:04:28,01:05:02,01:05:29,247.0,260.0,,277.0,SOFT,6.0,False,01:03:50,Red Bull,PER,1,False,2021-10-09 12:51:44.649
70,01:10:53,11,,22,6,01:09:19,,,00:00:34,00:00:26,,01:10:26,01:10:53,267.0,262.0,253.0,279.0,SOFT,2.0,True,01:05:29,Red Bull,PER,1,False,2021-10-09 12:53:23.349
71,01:12:16,11,00:01:23,23,6,,,00:00:31,00:00:29,00:00:23,01:11:24,01:11:53,01:12:16,280.0,290.0,252.0,318.0,SOFT,3.0,True,01:10:53,Red Bull,PER,1,True,2021-10-09 12:58:47.103
72,01:13:58,11,,24,6,,01:15:09,00:00:44,00:00:34,00:00:23,01:13:01,01:13:35,01:15:09,247.0,256.0,,260.0,SOFT,4.0,True,01:12:16,Red Bull,PER,1,False,2021-10-09 13:00:10.809
73,00:14:41,55,,1,1,00:12:22,,,00:00:38,00:00:55,,00:13:46,00:14:42,250.0,231.0,248.0,156.0,SOFT,1.0,True,,Ferrari,SAI,1,False,
74,00:16:37,55,00:01:55,2,1,,,00:00:48,00:00:34,00:00:32,00:15:30,00:16:04,00:16:37,252.0,265.0,249.0,251.0,SOFT,2.0,True,00:14:41,Ferrari,SAI,2,True,2021-10-09 12:02:36.039
75,00:18:06,55,00:01:29,3,1,,,00:00:33,00:00:30,00:00:25,00:17:10,00:17:40,00:18:06,279.0,293.0,204.0,318.0,SOFT,3.0,True,00:16:37,Ferrari,SAI,1,True,2021-10-09 12:04:31.125
76,00:19:53,55,00:01:47,4,1,,,00:00:43,00:00:36,00:00:27,00:18:49,00:19:26,00:19:53,219.0,264.0,249.0,264.0,SOFT,4.0,True,00:18:06,Ferrari,SAI,2,True,2021-10-09 12:06:00.489
77,00:21:39,55,00:01:45,5,1,,,00:00:43,00:00:33,00:00:28,00:20:36,00:21:10,00:21:39,249.0,263.0,250.0,267.0,SOFT,5.0,True,00:19:53,Ferrari,SAI,2,True,2021-10-09 12:07:47.920
78,00:23:06,55,00:01:26,6,1,,,00:00:33,00:00:30,00:00:23,00:22:12,00:22:42,00:23:06,280.0,289.0,248.0,313.0,SOFT,6.0,True,00:21:39,Ferrari,SAI,2,True,2021-10-09 12:09:33.832
79,00:24:48,55,00:01:41,7,1,,,00:00:38,00:00:35,00:00:27,00:23:45,00:24:21,00:24:48,218.0,251.0,250.0,241.0,SOFT,7.0,True,00:23:06,Ferrari,SAI,1,True,2021-10-09 12:11:00.591
80,00:26:17,55,00:01:28,8,2,,00:26:16,00:00:32,00:00:29,00:00:26,00:25:20,00:25:50,00:26:17,281.0,290.0,,317.0,SOFT,1.0,True,00:24:48,Ferrari,SAI,1,False,2021-10-09 12:12:42.351
81,00:28:32,55,00:02:15,9,2,00:26:48,,00:01:05,00:00:37,00:00:32,00:27:22,00:27:59,00:28:32,250.0,260.0,244.0,237.0,SOFT,,True,00:26:17,Ferrari,SAI,1,False,2021-10-09 12:14:11.172
82,00:30:00,55,00:01:28,10,2,,,00:00:33,00:00:30,00:00:24,00:29:05,00:29:36,00:30:00,275.0,291.0,251.0,299.0,SOFT,,True,00:28:32,Ferrari,SAI,1,True,2021-10-09 12:16:26.220
83,00:31:25,55,00:01:25,11,2,,,00:00:32,00:00:29,00:00:23,00:30:32,00:31:02,00:31:25,281.0,292.0,249.0,319.0,SOFT,,True,00:30:00,Ferrari,SAI,1,True,2021-10-09 12:17:54.774
84,00:33:12,55,00:01:46,12,3,,00:33:11,00:00:40,00:00:36,00:00:29,00:32:06,00:32:42,00:33:12,218.0,246.0,,216.0,SOFT,,True,00:31:25,Ferrari,SAI,1,False,2021-10-09 12:19:19.951
85,00:53:05,55,,13,3,00:51:13,00:53:04,,00:00:36,00:00:37,,00:52:28,00:53:05,256.0,282.0,,218.0,SOFT,6.0,False,00:33:12,Ferrari,SAI,2,False,2021-10-09 12:21:06.277
86,00:14:35,16,,1,1,00:12:23,,,00:00:37,00:00:50,,00:13:45,00:14:36,252.0,232.0,249.0,210.0,SOFT,1.0,True,,Ferrari,LEC,1,False,
87,00:16:17,16,00:01:41,2,1,,,00:00:36,00:00:36,00:00:28,00:15:11,00:15:48,00:16:17,254.0,265.0,250.0,226.0,SOFT,2.0,True,00:14:35,Ferrari,LEC,2,True,2021-10-09 12:02:29.868
88,00:17:45,16,00:01:28,3,1,,,00:00:34,00:00:30,00:00:23,00:16:51,00:17:21,00:17:45,281.0,294.0,251.0,322.0,SOFT,3.0,True,00:16:17,Ferrari,LEC,1,True,2021-10-09 12:04:11.285
89,00:19:12,16,00:01:27,4,1,,,00:00:32,00:00:30,00:00:24,00:18:18,00:18:48,00:19:12,280.0,294.0,249.0,319.0,SOFT,4.0,True,00:17:45,Ferrari,LEC,1,True,2021-10-09 12:05:39.339
90,00:20:38,16,00:01:26,5,1,,,00:00:32,00:00:30,00:00:23,00:19:45,00:20:15,00:20:38,277.0,293.0,249.0,319.0,SOFT,5.0,True,00:19:12,Ferrari,LEC,2,True,2021-10-09 12:07:06.680
91,00:22:04,16,00:01:25,6,1,,,00:00:32,00:00:29,00:00:23,00:21:11,00:21:41,00:22:04,278.0,295.0,250.0,324.0,SOFT,6.0,True,00:20:38,Ferrari,LEC,1,True,2021-10-09 12:08:32.898
92,00:23:31,16,00:01:26,7,1,,,00:00:32,00:00:29,00:00:24,00:22:36,00:23:06,00:23:31,277.0,294.0,234.0,324.0,SOFT,7.0,True,00:22:04,Ferrari,LEC,2,True,2021-10-09 12:09:58.625
93,00:25:20,16,00:01:49,8,2,,00:25:19,00:00:42,00:00:38,00:00:27,00:24:13,00:24:52,00:25:20,181.0,266.0,,275.0,SOFT,1.0,True,00:23:31,Ferrari,LEC,1,False,2021-10-09 12:11:25.063
94,00:28:17,16,,9,2,00:26:43,,,00:00:32,00:00:27,,00:27:49,00:28:17,202.0,290.0,251.0,296.0,SOFT,2.0,True,00:25:20,Ferrari,LEC,1,False,2021-10-09 12:13:14.443
95,00:29:50,16,00:01:33,10,2,,,00:00:32,00:00:29,00:00:30,00:28:49,00:29:19,00:29:50,282.0,294.0,250.0,321.0,SOFT,3.0,True,00:28:17,Ferrari,LEC,1,True,2021-10-09 12:16:11.208
96,00:31:15,16,00:01:24,11,2,,,00:00:31,00:00:29,00:00:23,00:30:22,00:30:51,00:31:15,284.0,296.0,252.0,321.0,SOFT,4.0,True,00:29:50,Ferrari,LEC,1,True,2021-10-09 12:17:44.396
97,00:33:00,16,00:01:45,12,3,,00:33:00,00:00:37,00:00:37,00:00:30,00:31:52,00:32:30,00:33:00,249.0,261.0,,229.0,SOFT,1.0,True,00:31:15,Ferrari,LEC,1,False,2021-10-09 12:19:09.265
98,00:39:46,16,,13,3,00:37:42,,,00:00:38,00:00:48,,00:38:58,00:39:46,254.0,249.0,249.0,78.0,UNKNOWN,2.0,False,00:33:00,Ferrari,LEC,1,False,2021-10-09 12:20:55.031
99,00:41:15,16,00:01:29,14,3,,,00:00:32,00:00:30,00:00:26,00:40:18,00:40:49,00:41:15,280.0,294.0,251.0,328.0,UNKNOWN,3.0,False,00:39:46,Ferrari,LEC,2,True,2021-10-09 12:27:40.408
100,00:42:40,16,00:01:24,15,3,,,00:00:31,00:00:29,00:00:23,00:41:47,00:42:17,00:42:40,283.0,294.0,254.0,326.0,MEDIUM,4.0,True,00:41:15,Ferrari,LEC,1,True,2021-10-09 12:29:09.832
101,00:44:35,16,00:01:55,16,3,,,00:00:44,00:00:41,00:00:28,00:43:25,00:44:07,00:44:35,116.0,184.0,252.0,275.0,MEDIUM,5.0,True,00:42:40,Ferrari,LEC,1,True,2021-10-09 12:30:34.821
102,00:46:14,16,00:01:38,17,3,,,00:00:31,00:00:29,00:00:36,00:45:07,00:45:37,00:46:14,282.0,292.0,202.0,327.0,MEDIUM,6.0,True,00:44:35,Ferrari,LEC,2,True,2021-10-09 12:32:29.903
103,00:47:51,16,00:01:37,18,4,,00:47:50,00:00:37,00:00:32,00:00:26,00:46:51,00:47:24,00:47:51,255.0,268.0,,296.0,MEDIUM,1.0,True,00:46:14,Ferrari,LEC,1,False,2021-10-09 12:34:08.214
104,00:49:58,16,00:02:06,19,4,00:48:14,,00:00:57,00:00:37,00:00:31,00:48:49,00:49:26,00:49:58,258.0,230.0,248.0,262.0,MEDIUM,2.0,True,00:47:51,Ferrari,LEC,1,False,2021-10-09 12:35:45.381
105,00:51:27,16,00:01:29,20,4,,,00:00:32,00:00:31,00:00:24,00:50:30,00:51:02,00:51:27,276.0,286.0,252.0,278.0,MEDIUM,3.0,True,00:49:58,Ferrari,LEC,2,True,2021-10-09 12:37:52.370
106,00:52:51,16,00:01:24,21,4,,,00:00:31,00:00:29,00:00:22,00:51:58,00:52:28,00:52:51,283.0,302.0,252.0,333.0,MEDIUM,4.0,True,00:51:27,Ferrari,LEC,1,True,2021-10-09 12:39:21.433
107,00:54:35,16,00:01:44,22,5,,00:54:34,00:00:37,00:00:37,00:00:28,00:53:29,00:54:07,00:54:35,247.0,260.0,,275.0,MEDIUM,1.0,True,00:52:51,Ferrari,LEC,1,False,2021-10-09 12:40:45.448
108,01:01:56,16,,23,5,01:00:15,,,00:00:38,00:00:30,,01:01:25,01:01:56,264.0,273.0,251.0,199.0,SOFT,6.0,False,00:54:35,Ferrari,LEC,1,False,2021-10-09 12:42:29.709
109,01:03:20,16,00:01:24,24,5,,,00:00:31,00:00:29,00:00:23,01:02:27,01:02:57,01:03:20,281.0,295.0,252.0,322.0,SOFT,7.0,False,01:01:56,Ferrari,LEC,1,True,2021-10-09 12:49:50.477
110,01:04:44,16,00:01:24,25,5,,,00:00:31,00:00:29,00:00:23,01:03:52,01:04:21,01:04:44,282.0,294.0,249.0,321.0,SOFT,8.0,False,01:03:20,Ferrari,LEC,1,True,2021-10-09 12:51:14.622
111,01:06:18,16,00:01:33,26,6,,01:06:17,00:00:35,00:00:32,00:00:25,01:05:20,01:05:52,01:06:18,256.0,266.0,,295.0,SOFT,5.0,False,01:04:44,Ferrari,LEC,1,False,2021-10-09 12:52:39.011
112,01:09:55,16,,27,6,01:07:59,,,00:00:43,00:00:34,,01:09:21,01:09:55,214.0,188.0,247.0,212.0,SOFT,2.0,True,01:06:18,Ferrari,LEC,1,False,2021-10-09 12:54:12.673
113,01:11:42,16,00:01:47,28,6,,,00:00:34,00:00:40,00:00:32,01:10:29,01:11:10,01:11:42,254.0,230.0,253.0,239.0,SOFT,3.0,True,01:09:55,Ferrari,LEC,1,True,2021-10-09 12:57:49.263
114,01:13:05,16,00:01:23,29,6,,,00:00:30,00:00:29,00:00:22,01:12:13,01:12:42,01:13:05,283.0,295.0,252.0,323.0,SOFT,4.0,True,01:11:42,Ferrari,LEC,1,True,2021-10-09 12:59:36.422
115,00:15:16,14,,1,1,00:13:00,,,00:00:34,00:01:03,,00:14:13,00:15:16,262.0,224.0,248.0,161.0,SOFT,1.0,True,,Alpine F1 Team,ALO,2,False,
116,00:16:46,14,00:01:29,2,1,,,00:00:34,00:00:31,00:00:23,00:15:51,00:16:22,00:16:46,277.0,290.0,249.0,325.0,SOFT,2.0,True,00:15:16,Alpine F1 Team,ALO,2,True,2021-10-09 12:03:10.500
117,00:18:21,14,00:01:35,3,1,,,00:00:35,00:00:34,00:00:24,00:17:22,00:17:56,00:18:21,244.0,264.0,252.0,298.0,SOFT,3.0,True,00:16:46,Alpine F1 Team,ALO,1,True,2021-10-09 12:04:40.089
118,00:19:48,14,00:01:26,4,1,,,00:00:32,00:00:30,00:00:23,00:18:54,00:19:24,00:19:48,278.0,288.0,250.0,320.0,SOFT,4.0,True,00:18:21,Alpine F1 Team,ALO,1,True,2021-10-09 12:06:15.929
119,00:21:32,14,00:01:44,5,1,,,00:00:39,00:00:36,00:00:27,00:20:27,00:21:04,00:21:32,252.0,260.0,253.0,225.0,SOFT,5.0,True,00:19:48,Alpine F1 Team,ALO,2,True,2021-10-09 12:07:42.076
120,00:22:58,14,00:01:25,6,1,,,00:00:32,00:00:30,00:00:23,00:22:04,00:22:34,00:22:58,279.0,291.0,250.0,324.0,SOFT,6.0,True,00:21:32,Alpine F1 Team,ALO,2,True,2021-10-09 12:09:26.442
121,00:24:37,14,00:01:39,7,2,,00:24:37,00:00:35,00:00:34,00:00:29,00:23:33,00:24:08,00:24:37,254.0,261.0,,241.0,SOFT,1.0,True,00:22:58,Alpine F1 Team,ALO,1,False,2021-10-09 12:10:52.137
122,00:28:38,14,,8,2,00:26:58,,,00:00:33,00:00:33,,00:28:04,00:28:39,267.0,199.0,252.0,287.0,SOFT,9.0,False,00:24:37,Alpine F1 Team,ALO,1,False,2021-10-09 12:12:31.775
123,00:30:04,14,00:01:25,9,2,,,00:00:31,00:00:29,00:00:23,00:29:10,00:29:40,00:30:04,275.0,291.0,250.0,316.0,SOFT,10.0,False,00:28:38,Alpine F1 Team,ALO,1,True,2021-10-09 12:16:32.985
124,00:31:37,14,00:01:33,10,3,,00:31:37,00:00:32,00:00:32,00:00:29,00:30:36,00:31:08,00:31:37,274.0,264.0,,229.0,SOFT,8.0,False,00:30:04,Alpine F1 Team,ALO,1,False,2021-10-09 12:17:58.159
125,00:39:39,14,,11,3,00:37:43,,,00:00:37,00:00:43,,00:38:55,00:39:39,262.0,230.0,251.0,91.0,UNKNOWN,2.0,False,00:31:37,Alpine F1 Team,ALO,1,False,2021-10-09 12:19:31.786
126,00:41:03,14,00:01:24,12,3,,,00:00:31,00:00:29,00:00:23,00:40:10,00:40:40,00:41:03,280.0,291.0,255.0,325.0,UNKNOWN,3.0,False,00:39:39,Alpine F1 Team,ALO,2,True,2021-10-09 12:27:33.369
127,00:42:47,14,00:01:43,13,3,,,00:00:38,00:00:38,00:00:26,00:41:42,00:42:21,00:42:47,225.0,259.0,252.0,280.0,MEDIUM,4.0,True,00:41:03,Alpine F1 Team,ALO,1,True,2021-10-09 12:28:57.987
128,00:44:11,14,00:01:24,14,3,,,00:00:31,00:00:29,00:00:22,00:43:18,00:43:48,00:44:11,280.0,290.0,252.0,326.0,MEDIUM,5.0,True,00:42:47,Alpine F1 Team,ALO,1,True,2021-10-09 12:30:41.554
129,00:46:00,14,00:01:48,15,4,,00:45:59,00:00:40,00:00:39,00:00:29,00:44:52,00:45:31,00:46:00,236.0,262.0,,236.0,MEDIUM,1.0,True,00:44:11,Alpine F1 Team,ALO,1,False,2021-10-09 12:32:05.600
130,00:49:31,14,,16,4,00:47:58,,,00:00:33,00:00:24,,00:49:06,00:49:31,266.0,264.0,253.0,302.0,MEDIUM,2.0,True,00:46:00,Alpine F1 Team,ALO,2,False,2021-10-09 12:33:54.574
131,00:50:55,14,00:01:23,17,4,,,00:00:31,00:00:29,00:00:23,00:50:02,00:50:31,00:50:55,281.0,289.0,254.0,323.0,MEDIUM,3.0,True,00:49:31,Alpine F1 Team,ALO,1,True,2021-10-09 12:37:25.158
132,00:52:53,14,00:01:58,18,5,,00:52:52,00:00:50,00:00:39,00:00:28,00:51:45,00:52:24,00:52:53,191.0,251.0,,275.0,MEDIUM,1.0,True,00:50:55,Alpine F1 Team,ALO,2,False,2021-10-09 12:38:49.072
133,01:02:40,14,,19,5,01:01:07,,,00:00:34,00:00:28,,01:02:12,01:02:40,267.0,265.0,254.0,135.0,SOFT,2.0,True,00:52:53,Alpine F1 Team,ALO,1,False,2021-10-09 12:40:47.180
134,01:04:04,14,00:01:23,20,5,,,00:00:31,00:00:29,00:00:22,01:03:11,01:03:41,01:04:04,280.0,291.0,251.0,324.0,SOFT,3.0,True,01:02:40,Alpine F1 Team,ALO,1,True,2021-10-09 12:50:34.515
135,01:05:48,14,00:01:44,21,6,,01:05:47,00:00:37,00:00:35,00:00:31,01:04:41,01:05:16,01:05:48,201.0,257.0,,157.0,SOFT,1.0,True,01:04:04,Alpine F1 Team,ALO,1,False,2021-10-09 12:51:58.257
136,01:11:09,14,,22,6,01:09:33,,,00:00:34,00:00:26,,01:10:43,01:11:09,267.0,265.0,253.0,288.0,SOFT,2.0,True,01:05:48,Alpine F1 Team,ALO,1,False,2021-10-09 12:53:42.624
137,01:12:32,14,00:01:23,23,6,,,00:00:30,00:00:29,00:00:23,01:11:40,01:12:09,01:12:32,280.0,289.0,251.0,319.0,SOFT,3.0,True,01:11:09,Alpine F1 Team,ALO,1,True,2021-10-09 12:59:03.536
138,00:13:52,7,,1,1,00:12:09,,,00:00:38,00:00:29,,00:13:23,00:13:52,248.0,163.0,245.0,275.0,SOFT,1.0,True,,Alfa Romeo,RAI,1,False,
139,00:15:39,7,00:01:47,2,1,,,00:00:35,00:00:34,00:00:37,00:14:27,00:15:02,00:15:39,272.0,251.0,239.0,218.0,SOFT,2.0,True,00:13:52,Alfa Romeo,RAI,2,True,2021-10-09 12:01:46.772
140,00:17:26,7,00:01:46,3,1,,,00:00:40,00:00:36,00:00:29,00:16:20,00:16:56,00:17:26,199.0,229.0,250.0,237.0,SOFT,3.0,True,00:15:39,Alfa Romeo,RAI,1,True,2021-10-09 12:03:34.021
141,00:18:53,7,00:01:27,4,1,,,00:00:33,00:00:30,00:00:23,00:17:59,00:18:30,00:18:53,282.0,292.0,251.0,325.0,SOFT,4.0,True,00:17:26,Alfa Romeo,RAI,1,True,2021-10-09 12:05:20.092
142,00:20:51,7,00:01:57,5,1,,,00:00:40,00:00:43,00:00:33,00:19:34,00:20:17,00:20:51,232.0,264.0,249.0,173.0,SOFT,5.0,True,00:18:53,Alfa Romeo,RAI,2,True,2021-10-09 12:06:47.983
143,00:22:31,7,00:01:40,6,2,,00:22:30,00:00:36,00:00:37,00:00:26,00:21:28,00:22:05,00:22:31,253.0,265.0,,304.0,SOFT,1.0,True,00:20:51,Alfa Romeo,RAI,2,False,2021-10-09 12:08:45.288
144,00:25:47,7,,7,2,00:23:57,,,00:00:34,00:00:38,,00:25:09,00:25:48,257.0,268.0,250.0,269.0,SOFT,2.0,True,00:22:31,Alfa Romeo,RAI,2,False,2021-10-09 12:10:25.612
145,00:27:32,7,00:01:44,8,2,,,00:00:37,00:00:38,00:00:28,00:26:25,00:27:04,00:27:32,247.0,267.0,252.0,194.0,SOFT,3.0,True,00:25:47,Alfa Romeo,RAI,1,True,2021-10-09 12:13:42.027
146,00:29:00,7,00:01:27,9,2,,,00:00:33,00:00:30,00:00:23,00:28:06,00:28:36,00:29:00,279.0,291.0,251.0,329.0,SOFT,4.0,True,00:27:32,Alfa Romeo,RAI,1,True,2021-10-09 12:15:26.687
147,00:30:27,7,00:01:27,10,2,,,00:00:33,00:00:30,00:00:23,00:29:33,00:30:03,00:30:27,,295.0,252.0,309.0,SOFT,5.0,True,00:29:00,Alfa Romeo,RAI,1,True,2021-10-09 12:16:54.212
148,00:32:09,7,00:01:41,11,2,,00:32:08,00:00:40,00:00:33,00:00:27,00:31:08,00:31:41,00:32:09,252.0,266.0,,284.0,SOFT,6.0,True,00:30:27,Alfa Romeo,RAI,1,False,2021-10-09 12:18:21.850
149,00:14:21,22,,1,1,00:12:18,,,00:00:35,00:00:45,,00:13:36,00:14:21,265.0,247.0,247.0,271.0,SOFT,1.0,True,,AlphaTauri,TSU,1,False,
150,00:16:07,22,00:01:46,2,1,,,00:00:38,00:00:41,00:00:26,00:14:59,00:15:40,00:16:07,246.0,259.0,252.0,268.0,SOFT,2.0,True,00:14:21,AlphaTauri,TSU,2,True,2021-10-09 12:02:15.154
151,00:17:35,22,00:01:27,3,1,,,00:00:33,00:00:30,00:00:23,00:16:41,00:17:11,00:17:35,278.0,292.0,251.0,321.0,SOFT,3.0,True,00:16:07,AlphaTauri,TSU,1,True,2021-10-09 12:04:01.615
152,00:19:39,22,00:02:04,4,1,,,00:00:48,00:00:46,00:00:28,00:18:23,00:19:10,00:19:39,222.0,151.0,253.0,273.0,SOFT,4.0,True,00:17:35,AlphaTauri,TSU,1,True,2021-10-09 12:05:29.058
153,00:21:49,22,00:02:10,5,2,,00:21:49,00:01:04,00:00:37,00:00:28,00:20:43,00:21:21,00:21:49,232.0,263.0,,280.0,SOFT,1.0,True,00:19:39,AlphaTauri,TSU,2,False,2021-10-09 12:07:33.315
154,00:25:37,22,,6,2,00:23:50,,,00:00:39,00:00:33,,00:25:04,00:25:38,268.0,262.0,251.0,257.0,SOFT,2.0,True,00:21:49,AlphaTauri,TSU,2,False,2021-10-09 12:09:43.629
155,00:27:04,22,00:01:26,7,2,,,00:00:32,00:00:29,00:00:23,00:26:10,00:26:40,00:27:04,280.0,293.0,251.0,319.0,SOFT,3.0,True,00:25:37,AlphaTauri,TSU,1,True,2021-10-09 12:13:32.002
156,00:29:15,22,00:02:11,8,2,,,00:00:48,00:00:54,00:00:28,00:27:52,00:28:47,00:29:15,128.0,240.0,252.0,265.0,SOFT,4.0,True,00:27:04,AlphaTauri,TSU,1,True,2021-10-09 12:14:58.115
157,00:30:40,22,00:01:25,9,2,,,00:00:32,00:00:29,00:00:23,00:29:47,00:30:17,00:30:40,281.0,293.0,251.0,323.0,SOFT,5.0,True,00:29:15,AlphaTauri,TSU,1,True,2021-10-09 12:17:09.397
158,00:32:26,22,00:01:46,10,3,,00:32:26,00:00:41,00:00:35,00:00:29,00:31:22,00:31:57,00:32:26,249.0,263.0,,225.0,SOFT,1.0,True,00:30:40,AlphaTauri,TSU,1,False,2021-10-09 12:18:34.806
159,00:39:28,22,,11,3,00:37:28,,,00:00:35,00:00:45,,00:38:42,00:39:28,267.0,263.0,249.0,223.0,UNKNOWN,2.0,False,00:32:26,AlphaTauri,TSU,1,False,2021-10-09 12:20:20.831
160,00:40:53,22,00:01:25,12,3,,,00:00:32,00:00:29,00:00:23,00:40:00,00:40:30,00:40:53,280.0,291.0,251.0,319.0,UNKNOWN,3.0,False,00:39:28,AlphaTauri,TSU,2,True,2021-10-09 12:27:22.598
161,00:42:55,22,00:02:02,13,3,,,00:00:47,00:00:45,00:00:29,00:41:40,00:42:26,00:42:55,187.0,249.0,253.0,216.0,SOFT,4.0,True,00:40:53,AlphaTauri,TSU,1,True,2021-10-09 12:28:47.722
162,00:44:20,22,00:01:24,14,3,,,00:00:31,00:00:29,00:00:23,00:43:27,00:43:57,00:44:20,282.0,291.0,252.0,324.0,SOFT,5.0,True,00:42:55,AlphaTauri,TSU,1,True,2021-10-09 12:30:49.950
163,00:46:07,22,00:01:46,15,4,,00:46:06,00:00:38,00:00:40,00:00:27,00:44:58,00:45:39,00:46:07,253.0,265.0,,290.0,SOFT,1.0,True,00:44:20,AlphaTauri,TSU,2,False,2021-10-09 12:32:14.361
164,00:50:20,22,,16,4,00:48:35,,,00:00:41,00:00:28,,00:49:51,00:50:20,265.0,253.0,253.0,247.0,SOFT,2.0,True,00:46:07,AlphaTauri,TSU,2,False,2021-10-09 12:34:01.211
165,00:51:44,22,00:01:24,17,4,,,00:00:31,00:00:29,00:00:23,00:50:51,00:51:21,00:51:44,282.0,293.0,252.0,320.0,SOFT,3.0,True,00:50:20,AlphaTauri,TSU,2,True,2021-10-09 12:38:14.172
166,00:53:31,22,00:01:47,18,5,,00:53:30,00:00:44,00:00:34,00:00:27,00:52:28,00:53:03,00:53:31,247.0,263.0,,249.0,SOFT,1.0,True,00:51:44,AlphaTauri,TSU,1,False,2021-10-09 12:39:38.226
167,01:02:01,22,,19,5,01:00:17,,,00:00:34,00:00:33,,01:01:28,01:02:01,270.0,263.0,254.0,260.0,MEDIUM,2.0,True,00:53:31,AlphaTauri,TSU,1,False,2021-10-09 12:41:25.679
168,01:03:26,22,00:01:24,20,5,,,00:00:31,00:00:29,00:00:23,01:02:33,01:03:03,01:03:26,280.0,292.0,250.0,325.0,MEDIUM,3.0,True,01:02:01,AlphaTauri,TSU,1,True,2021-10-09 12:49:55.808
169,01:05:06,22,00:01:39,21,6,,01:05:06,00:00:37,00:00:35,00:00:26,01:04:03,01:04:39,01:05:06,254.0,264.0,,279.0,MEDIUM,1.0,True,01:03:26,AlphaTauri,TSU,1,False,2021-10-09 12:51:20.786
170,01:10:03,22,,22,6,01:08:08,,,00:00:42,00:00:34,,01:09:28,01:10:03,260.0,244.0,253.0,244.0,SOFT,2.0,True,01:05:06,AlphaTauri,TSU,1,False,2021-10-09 12:53:00.724
171,01:11:27,22,00:01:24,23,6,,,00:00:31,00:00:29,00:00:23,01:10:34,01:11:04,01:11:27,281.0,291.0,251.0,320.0,SOFT,3.0,True,01:10:03,AlphaTauri,TSU,1,True,2021-10-09 12:57:57.598
172,01:13:18,22,,24,6,,01:15:09,00:00:48,00:00:38,00:00:23,01:12:16,01:12:55,01:15:09,222.0,262.0,,285.0,SOFT,4.0,True,01:11:27,AlphaTauri,TSU,1,False,2021-10-09 12:59:21.966
173,00:14:47,77,,1,1,00:12:36,,,00:00:34,00:00:55,,00:13:52,00:14:48,257.0,278.0,247.0,200.0,SOFT,1.0,True,,Mercedes,BOT,1,False,
174,00:16:30,77,00:01:42,2,1,,,00:00:41,00:00:33,00:00:26,00:15:29,00:16:03,00:16:30,261.0,228.0,253.0,249.0,SOFT,2.0,True,00:14:47,Mercedes,BOT,2,True,2021-10-09 12:02:41.952
175,00:17:57,77,00:01:27,3,1,,,00:00:33,00:00:30,00:00:23,00:17:03,00:17:33,00:17:57,281.0,293.0,252.0,321.0,SOFT,3.0,True,00:16:30,Mercedes,BOT,1,True,2021-10-09 12:04:24.182
176,00:19:23,77,00:01:25,4,1,,,00:00:32,00:00:30,00:00:23,00:18:29,00:18:59,00:19:23,272.0,293.0,251.0,315.0,SOFT,4.0,True,00:17:57,Mercedes,BOT,1,True,2021-10-09 12:05:51.355
177,00:20:48,77,00:01:25,5,1,,,00:00:32,00:00:30,00:00:23,00:19:55,00:20:25,00:20:48,271.0,294.0,251.0,315.0,SOFT,5.0,True,00:19:23,Mercedes,BOT,2,True,2021-10-09 12:07:17.268
178,00:22:39,77,00:01:50,6,1,,,00:00:41,00:00:37,00:00:30,00:21:30,00:22:08,00:22:39,120.0,272.0,247.0,218.0,SOFT,6.0,True,00:20:48,Mercedes,BOT,2,True,2021-10-09 12:08:43.001
179,00:24:18,77,00:01:39,7,1,,,00:00:37,00:00:35,00:00:27,00:23:16,00:23:51,00:24:18,263.0,261.0,252.0,250.0,SOFT,7.0,True,00:22:39,Mercedes,BOT,1,True,2021-10-09 12:10:33.729
180,00:25:44,77,00:01:25,8,1,,,00:00:31,00:00:29,00:00:23,00:24:50,00:25:20,00:25:44,280.0,294.0,256.0,325.0,SOFT,8.0,True,00:24:18,Mercedes,BOT,1,True,2021-10-09 12:12:13.007
181,00:27:41,77,00:01:57,9,1,,,00:00:48,00:00:38,00:00:29,00:26:32,00:27:11,00:27:41,56.0,276.0,253.0,214.0,SOFT,9.0,True,00:25:44,Mercedes,BOT,1,True,2021-10-09 12:13:38.145
182,00:29:06,77,00:01:25,10,1,,,00:00:31,00:00:29,00:00:23,00:28:13,00:28:43,00:29:06,283.0,295.0,250.0,326.0,SOFT,10.0,True,00:27:41,Mercedes,BOT,1,True,2021-10-09 12:15:35.662
183,00:30:55,77,00:01:48,11,2,,00:30:54,00:00:38,00:00:40,00:00:28,00:29:45,00:30:26,00:30:55,90.0,276.0,,268.0,SOFT,1.0,True,00:29:06,Mercedes,BOT,1,False,2021-10-09 12:17:00.709
184,00:39:00,77,,12,2,00:37:20,,,00:00:32,00:00:32,,00:38:27,00:39:00,266.0,268.0,253.0,238.0,UNKNOWN,2.0,False,00:30:55,Mercedes,BOT,1,False,2021-10-09 12:18:49.196
185,00:40:24,77,00:01:24,13,2,,,00:00:31,00:00:29,00:00:22,00:39:31,00:40:01,00:40:24,281.0,295.0,250.0,327.0,UNKNOWN,3.0,False,00:39:00,Mercedes,BOT,2,True,2021-10-09 12:26:54.244
186,00:42:06,77,00:01:42,14,2,,,00:00:37,00:00:35,00:00:28,00:41:01,00:41:37,00:42:06,255.0,253.0,254.0,262.0,MEDIUM,4.0,True,00:40:24,Mercedes,BOT,1,True,2021-10-09 12:28:18.386
187,00:43:39,77,00:01:33,15,2,,,00:00:33,00:00:35,00:00:25,00:42:39,00:43:14,00:43:39,,272.0,254.0,262.0,MEDIUM,5.0,True,00:42:06,Mercedes,BOT,1,True,2021-10-09 12:30:00.435
188,00:45:03,77,00:01:23,16,2,,,00:00:31,00:00:29,00:00:22,00:44:11,00:44:40,00:45:03,282.0,294.0,253.0,322.0,MEDIUM,6.0,True,00:43:39,Mercedes,BOT,1,True,2021-10-09 12:31:33.609
189,00:46:38,77,00:01:35,17,3,,00:46:38,00:00:36,00:00:33,00:00:25,00:45:39,00:46:12,00:46:38,256.0,276.0,,283.0,MEDIUM,1.0,True,00:45:03,Mercedes,BOT,2,False,2021-10-09 12:32:57.401
190,00:49:41,77,,18,3,00:48:03,,,00:00:37,00:00:26,,00:49:15,00:49:41,264.0,194.0,245.0,247.0,MEDIUM,2.0,True,00:46:38,Mercedes,BOT,1,False,2021-10-09 12:34:32.722
191,00:51:23,77,00:01:41,19,3,,,00:00:34,00:00:32,00:00:34,00:50:16,00:50:48,00:51:23,274.0,260.0,254.0,67.0,MEDIUM,3.0,True,00:49:41,Mercedes,BOT,2,True,2021-10-09 12:37:35.494
192,00:52:46,77,00:01:23,20,3,,,00:00:31,00:00:29,00:00:22,00:51:54,00:52:24,00:52:46,283.0,297.0,252.0,326.0,MEDIUM,4.0,True,00:51:23,Mercedes,BOT,1,True,2021-10-09 12:39:17.420
193,00:54:26,77,00:01:39,21,4,,00:54:25,00:00:36,00:00:34,00:00:28,00:53:23,00:53:58,00:54:26,257.0,275.0,,261.0,MEDIUM,1.0,True,00:52:46,Mercedes,BOT,1,False,2021-10-09 12:40:40.999
194,01:01:48,77,,22,4,01:00:12,,,00:00:33,00:00:27,,01:01:20,01:01:48,274.0,272.0,255.0,233.0,SOFT,2.0,True,00:54:26,Mercedes,BOT,1,False,2021-10-09 12:42:20.293
195,01:03:11,77,00:01:23,23,4,,,00:00:30,00:00:29,00:00:22,01:02:19,01:02:48,01:03:11,281.0,295.0,252.0,322.0,SOFT,3.0,True,01:01:48,Mercedes,BOT,1,True,2021-10-09 12:49:42.824
196,01:04:51,77,00:01:39,24,5,,01:04:51,00:00:35,00:00:36,00:00:28,01:03:47,01:04:23,01:04:51,257.0,277.0,,280.0,SOFT,1.0,True,01:03:11,Mercedes,BOT,1,False,2021-10-09 12:51:05.895
197,01:11:15,77,,25,5,01:09:35,,,00:00:33,00:00:30,,01:10:44,01:11:15,274.0,271.0,254.0,236.0,SOFT,2.0,True,01:04:51,Mercedes,BOT,1,False,2021-10-09 12:52:45.846
198,01:12:38,77,00:01:22,26,5,,,00:00:30,00:00:29,00:00:23,01:11:46,01:12:15,01:12:38,282.0,293.0,251.0,324.0,SOFT,3.0,True,01:11:15,Mercedes,BOT,1,True,2021-10-09 12:59:09.500
199,01:14:33,77,00:01:55,27,5,,01:14:32,00:00:38,00:00:38,00:00:37,01:13:17,01:13:56,01:14:33,201.0,201.0,,196.0,SOFT,4.0,True,01:12:38,Mercedes,BOT,1,False,2021-10-09 13:00:32.498
200,00:15:22,31,,1,1,00:13:03,,,00:00:35,00:01:07,,00:14:15,00:15:23,253.0,263.0,242.0,118.0,SOFT,1.0,True,,Alpine F1 Team,OCO,1,False,
201,00:16:51,31,00:01:29,2,1,,,00:00:35,00:00:30,00:00:23,00:15:57,00:16:28,00:16:51,279.0,291.0,250.0,317.0,SOFT,2.0,True,00:15:22,Alpine F1 Team,OCO,1,True,2021-10-09 12:03:16.924
202,00:18:19,31,00:01:27,3,1,,,00:00:33,00:00:30,00:00:23,00:17:25,00:17:55,00:18:19,280.0,281.0,248.0,311.0,SOFT,3.0,True,00:16:51,Alpine F1 Team,OCO,1,True,2021-10-09 12:04:45.952
203,00:20:05,31,00:01:45,4,1,,,00:00:42,00:00:35,00:00:28,00:19:01,00:19:37,00:20:05,252.0,259.0,243.0,229.0,SOFT,4.0,True,00:18:19,Alpine F1 Team,OCO,2,True,2021-10-09 12:06:13.513
204,00:22:10,31,00:02:04,5,1,,,00:00:55,00:00:34,00:00:34,00:21:01,00:21:35,00:22:10,264.0,267.0,249.0,208.0,SOFT,5.0,True,00:20:05,Alpine F1 Team,OCO,2,True,2021-10-09 12:07:59.213
205,00:23:36,31,00:01:26,6,1,,,00:00:32,00:00:29,00:00:23,00:22:42,00:23:12,00:23:36,280.0,291.0,251.0,326.0,SOFT,6.0,True,00:22:10,Alpine F1 Team,OCO,2,True,2021-10-09 12:10:04.101
206,00:25:14,31,00:01:38,7,2,,00:25:14,00:00:36,00:00:33,00:00:27,00:24:13,00:24:46,00:25:14,253.0,264.0,,265.0,SOFT,1.0,True,00:23:36,Alpine F1 Team,OCO,1,False,2021-10-09 12:11:30.199
207,00:28:44,31,,8,2,00:27:10,,,00:00:34,00:00:24,,00:28:20,00:28:45,265.0,265.0,251.0,302.0,SOFT,2.0,True,00:25:14,Alpine F1 Team,OCO,1,False,2021-10-09 12:13:08.781
208,00:30:10,31,00:01:25,9,2,,,00:00:32,00:00:29,00:00:23,00:29:16,00:29:46,00:30:10,283.0,292.0,250.0,325.0,SOFT,3.0,True,00:28:44,Alpine F1 Team,OCO,1,True,2021-10-09 12:16:38.868
209,00:31:55,31,00:01:45,10,3,,00:31:55,00:00:39,00:00:37,00:00:28,00:30:49,00:31:27,00:31:55,249.0,259.0,,241.0,SOFT,1.0,True,00:30:10,Alpine F1 Team,OCO,1,False,2021-10-09 12:18:04.290
210,00:39:13,31,,11,3,00:37:26,,,00:00:35,00:00:34,,00:38:38,00:39:13,263.0,262.0,250.0,245.0,UNKNOWN,2.0,False,00:31:55,Alpine F1 Team,OCO,1,False,2021-10-09 12:19:49.963
211,00:40:38,31,00:01:25,12,3,,,00:00:32,00:00:29,00:00:23,00:39:45,00:40:15,00:40:38,280.0,292.0,250.0,325.0,UNKNOWN,3.0,False,00:39:13,Alpine F1 Team,OCO,2,True,2021-10-09 12:27:07.093
212,00:42:39,31,00:02:00,13,3,,,00:00:45,00:00:46,00:00:29,00:41:23,00:42:10,00:42:39,246.0,254.0,251.0,249.0,MEDIUM,4.0,True,00:40:38,Alpine F1 Team,OCO,1,True,2021-10-09 12:28:32.659
213,00:44:04,31,00:01:24,14,3,,,00:00:31,00:00:29,00:00:23,00:43:11,00:43:41,00:44:04,283.0,291.0,251.0,326.0,MEDIUM,5.0,True,00:42:39,Alpine F1 Team,OCO,1,True,2021-10-09 12:30:33.501
214,00:45:48,31,00:01:44,15,4,,00:45:48,00:00:38,00:00:36,00:00:29,00:44:42,00:45:19,00:45:48,246.0,248.0,,234.0,MEDIUM,1.0,True,00:44:04,Alpine F1 Team,OCO,1,False,2021-10-09 12:31:58.343
215,00:49:16,31,,16,4,00:47:39,,,00:00:36,00:00:26,,00:48:49,00:49:16,264.0,262.0,233.0,286.0,MEDIUM,2.0,True,00:45:48,Alpine F1 Team,OCO,2,False,2021-10-09 12:33:42.991
216,00:51:06,31,00:01:50,17,4,,,00:00:37,00:00:38,00:00:34,00:49:53,00:50:32,00:51:06,267.0,163.0,251.0,200.0,MEDIUM,3.0,True,00:49:16,Alpine F1 Team,OCO,1,True,2021-10-09 12:37:10.139
217,00:53:03,31,00:01:56,18,4,,00:53:02,00:00:33,00:00:44,00:00:38,00:51:40,00:52:24,00:53:03,273.0,178.0,,158.0,MEDIUM,4.0,True,00:51:06,Alpine F1 Team,OCO,2,False,2021-10-09 12:39:00.831
218,00:13:57,99,,1,1,00:12:11,,,00:00:38,00:00:29,,00:13:28,00:13:58,193.0,258.0,242.0,212.0,SOFT,1.0,True,,Alfa Romeo,GIO,1,False,
219,00:15:45,99,00:01:47,2,1,,,00:00:36,00:00:36,00:00:34,00:14:34,00:15:10,00:15:45,277.0,169.0,248.0,185.0,SOFT,2.0,True,00:13:57,Alfa Romeo,GIO,2,True,2021-10-09 12:01:51.870
220,00:17:13,99,00:01:28,3,1,,,00:00:34,00:00:30,00:00:23,00:16:19,00:16:49,00:17:13,279.0,291.0,249.0,323.0,SOFT,3.0,True,00:15:45,Alfa Romeo,GIO,1,True,2021-10-09 12:03:39.136
221,00:18:41,99,00:01:27,4,1,,,00:00:33,00:00:30,00:00:23,00:17:47,00:18:17,00:18:41,278.0,291.0,252.0,322.0,SOFT,4.0,True,00:17:13,Alfa Romeo,GIO,1,True,2021-10-09 12:05:07.973
222,00:20:08,99,00:01:27,5,1,,,00:00:33,00:00:30,00:00:23,00:19:14,00:19:44,00:20:08,,293.0,245.0,323.0,SOFT,5.0,True,00:18:41,Alfa Romeo,GIO,2,True,2021-10-09 12:06:35.543
223,00:22:08,99,00:01:59,6,2,,00:22:07,00:00:42,00:00:44,00:00:32,00:20:51,00:21:36,00:22:08,206.0,262.0,,217.0,SOFT,1.0,True,00:20:08,Alfa Romeo,GIO,2,False,2021-10-09 12:08:02.798
224,00:25:52,99,,7,2,00:24:00,,,00:00:36,00:00:38,,00:25:13,00:25:52,250.0,261.0,232.0,206.0,SOFT,2.0,True,00:22:08,Alfa Romeo,GIO,2,False,2021-10-09 12:10:02.610
225,00:27:36,99,00:01:44,8,2,,,00:00:36,00:00:37,00:00:30,00:26:28,00:27:05,00:27:36,252.0,236.0,250.0,184.0,SOFT,3.0,True,00:25:52,Alfa Romeo,GIO,1,True,2021-10-09 12:13:46.072
226,00:29:03,99,00:01:26,9,2,,,00:00:32,00:00:30,00:00:23,00:28:09,00:28:39,00:29:03,281.0,293.0,250.0,327.0,SOFT,4.0,True,00:27:36,Alfa Romeo,GIO,1,True,2021-10-09 12:15:30.670
227,00:30:29,99,00:01:26,10,2,,,00:00:32,00:00:30,00:00:23,00:29:35,00:30:06,00:30:29,277.0,293.0,250.0,328.0,SOFT,5.0,True,00:29:03,Alfa Romeo,GIO,1,True,2021-10-09 12:16:57.384
228,00:32:14,99,00:01:45,11,2,,00:32:13,00:00:39,00:00:35,00:00:29,00:31:09,00:31:44,00:32:14,216.0,262.0,,242.0,SOFT,6.0,True,00:30:29,Alfa Romeo,GIO,1,False,2021-10-09 12:18:23.814
229,00:15:35,5,,1,1,00:13:24,,,00:00:33,00:01:02,,00:14:33,00:15:35,260.0,271.0,247.0,166.0,SOFT,1.0,True,,Aston Martin,VET,1,False,
230,00:17:04,5,00:01:28,2,1,,,00:00:34,00:00:30,00:00:23,00:16:10,00:16:40,00:17:04,278.0,293.0,253.0,324.0,SOFT,2.0,True,00:15:35,Aston Martin,VET,1,True,2021-10-09 12:03:29.542
231,00:18:51,5,00:01:47,3,1,,,00:00:38,00:00:38,00:00:31,00:17:42,00:18:20,00:18:51,256.0,266.0,250.0,199.0,SOFT,3.0,True,00:17:04,Aston Martin,VET,1,True,2021-10-09 12:04:58.284
232,00:20:18,5,00:01:26,4,1,,,00:00:33,00:00:30,00:00:23,00:19:25,00:19:55,00:20:18,277.0,295.0,254.0,327.0,SOFT,4.0,True,00:18:51,Aston Martin,VET,2,True,2021-10-09 12:06:45.941
233,00:22:01,5,00:01:42,5,2,,00:22:01,00:00:39,00:00:35,00:00:28,00:20:58,00:21:33,00:22:01,239.0,274.0,,247.0,SOFT,1.0,True,00:20:18,Aston Martin,VET,1,False,2021-10-09 12:08:12.830
234,00:26:08,5,,6,2,00:24:21,,,00:00:33,00:00:38,,00:25:30,00:26:08,263.0,276.0,253.0,251.0,SOFT,2.0,True,00:22:01,Aston Martin,VET,2,False,2021-10-09 12:09:55.742
235,00:27:49,5,00:01:40,7,2,,,00:00:36,00:00:35,00:00:28,00:26:45,00:27:21,00:27:49,262.0,274.0,241.0,154.0,SOFT,3.0,True,00:26:08,Aston Martin,VET,1,True,2021-10-09 12:14:02.442
236,00:29:33,5,00:01:44,8,2,,,00:00:36,00:00:36,00:00:31,00:28:26,00:29:02,00:29:33,260.0,276.0,252.0,181.0,SOFT,4.0,True,00:27:49,Aston Martin,VET,1,True,2021-10-09 12:15:43.230
237,00:30:59,5,00:01:25,9,2,,,00:00:32,00:00:29,00:00:23,00:30:06,00:30:36,00:30:59,280.0,293.0,253.0,321.0,SOFT,5.0,True,00:29:33,Aston Martin,VET,1,True,2021-10-09 12:17:27.792
238,00:32:40,5,00:01:40,10,3,,00:32:39,00:00:37,00:00:33,00:00:29,00:31:37,00:32:10,00:32:40,248.0,276.0,,217.0,SOFT,1.0,True,00:30:59,Aston Martin,VET,1,False,2021-10-09 12:18:53.579
239,00:39:23,5,,11,3,00:37:31,,,00:00:35,00:00:40,,00:38:43,00:39:23,259.0,276.0,253.0,226.0,UNKNOWN,2.0,False,00:32:40,Aston Martin,VET,1,False,2021-10-09 12:20:34.335
240,00:40:58,5,00:01:34,12,3,,,00:00:33,00:00:33,00:00:27,00:39:56,00:40:30,00:40:58,276.0,248.0,253.0,255.0,UNKNOWN,3.0,False,00:39:23,Aston Martin,VET,2,True,2021-10-09 12:27:17.245
241,00:42:23,5,00:01:25,13,3,,,00:00:32,00:00:29,00:00:23,00:41:30,00:42:00,00:42:23,279.0,293.0,253.0,322.0,MEDIUM,4.0,True,00:40:58,Aston Martin,VET,1,True,2021-10-09 12:28:52.079
242,00:43:59,5,00:01:36,14,4,,00:43:58,00:00:34,00:00:34,00:00:27,00:42:57,00:43:31,00:43:59,257.0,274.0,,237.0,MEDIUM,1.0,True,00:42:23,Aston Martin,VET,1,False,2021-10-09 12:30:17.321
243,00:47:18,5,,15,4,00:45:40,,,00:00:34,00:00:31,,00:46:47,00:47:18,265.0,276.0,252.0,162.0,UNKNOWN,2.0,False,00:43:59,Aston Martin,VET,2,False,2021-10-09 12:31:53.467
244,00:48:43,5,00:01:25,16,4,,,00:00:32,00:00:29,00:00:23,00:47:50,00:48:20,00:48:43,278.0,291.0,252.0,322.0,MEDIUM,3.0,True,00:47:18,Aston Martin,VET,1,True,2021-10-09 12:35:12.818
245,00:50:46,5,00:02:03,17,4,,,00:00:41,00:00:47,00:00:34,00:49:25,00:50:12,00:50:46,217.0,148.0,252.0,250.0,MEDIUM,4.0,True,00:48:43,Aston Martin,VET,1,True,2021-10-09 12:36:37.886
246,00:52:11,5,00:01:24,18,4,,,00:00:31,00:00:29,00:00:23,00:51:18,00:51:48,00:52:11,279.0,291.0,252.0,320.0,MEDIUM,5.0,True,00:50:46,Aston Martin,VET,2,True,2021-10-09 12:38:40.948
247,00:54:01,5,00:01:49,19,4,,00:54:00,00:00:41,00:00:39,00:00:29,00:52:53,00:53:32,00:54:01,209.0,267.0,,202.0,MEDIUM,6.0,True,00:52:11,Aston Martin,VET,1,False,2021-10-09 12:40:05.743
248,00:14:11,47,,1,1,00:12:16,,,00:00:37,00:00:36,,00:13:34,00:14:11,253.0,275.0,247.0,159.0,SOFT,1.0,True,,Haas F1 Team,MSC,1,False,
249,00:15:50,47,00:01:38,2,1,,,00:00:37,00:00:34,00:00:27,00:14:48,00:15:23,00:15:50,252.0,265.0,250.0,248.0,SOFT,2.0,True,00:14:11,Haas F1 Team,MSC,2,True,2021-10-09 12:02:05.433
250,00:17:19,47,00:01:29,3,1,,,00:00:34,00:00:30,00:00:23,00:16:25,00:16:55,00:17:19,278.0,291.0,248.0,324.0,SOFT,3.0,True,00:15:50,Haas F1 Team,MSC,1,True,2021-10-09 12:03:44.204
251,00:18:57,47,00:01:37,4,2,,00:18:56,00:00:35,00:00:32,00:00:29,00:17:54,00:18:27,00:18:57,254.0,266.0,,180.0,SOFT,1.0,True,00:17:19,Haas F1 Team,MSC,1,False,2021-10-09 12:05:13.336
252,00:21:57,47,,5,2,00:20:20,,,00:00:35,00:00:27,,00:21:30,00:21:57,154.0,280.0,249.0,262.0,SOFT,2.0,True,00:18:57,Haas F1 Team,MSC,2,False,2021-10-09 12:06:51.233
253,00:23:24,47,00:01:26,6,2,,,00:00:33,00:00:30,00:00:23,00:22:30,00:23:00,00:23:24,278.0,292.0,249.0,325.0,SOFT,3.0,True,00:21:57,Haas F1 Team,MSC,2,True,2021-10-09 12:09:51.668
254,00:25:12,47,00:01:47,7,2,,,00:00:41,00:00:40,00:00:26,00:24:06,00:24:46,00:25:12,230.0,259.0,251.0,287.0,SOFT,4.0,True,00:23:24,Haas F1 Team,MSC,1,True,2021-10-09 12:11:18.442
255,00:26:40,47,00:01:27,8,3,,00:26:39,00:00:32,00:00:30,00:00:24,00:25:45,00:26:15,00:26:40,279.0,291.0,,319.0,SOFT,1.0,True,00:25:12,Haas F1 Team,MSC,1,False,2021-10-09 12:13:06.398
256,00:29:38,47,,9,3,00:27:49,,,00:00:40,00:00:37,,00:29:01,00:29:38,243.0,221.0,250.0,134.0,SOFT,2.0,True,00:26:40,Haas F1 Team,MSC,1,False,2021-10-09 12:14:34.144
257,00:31:03,47,00:01:25,10,3,,,00:00:32,00:00:29,00:00:23,00:30:10,00:30:40,00:31:03,281.0,294.0,249.0,324.0,SOFT,3.0,True,00:29:38,Haas F1 Team,MSC,1,True,2021-10-09 12:17:32.413
258,00:32:44,47,00:01:40,11,4,,00:32:43,00:00:36,00:00:36,00:00:27,00:31:40,00:32:16,00:32:44,249.0,252.0,,231.0,SOFT,1.0,True,00:31:03,Haas F1 Team,MSC,1,False,2021-10-09 12:18:57.968
259,00:39:32,47,,12,4,00:37:32,,,00:00:36,00:00:46,,00:38:45,00:39:32,260.0,246.0,248.0,164.0,UNKNOWN,2.0,False,00:32:44,Haas F1 Team,MSC,1,False,2021-10-09 12:20:38.208
260,00:41:10,47,00:01:37,13,4,,,00:00:35,00:00:36,00:00:25,00:40:08,00:40:44,00:41:10,254.0,265.0,250.0,285.0,UNKNOWN,3.0,False,00:39:32,Haas F1 Team,MSC,2,True,2021-10-09 12:27:26.244
261,00:42:35,47,00:01:25,14,4,,,00:00:31,00:00:30,00:00:23,00:41:42,00:42:12,00:42:35,282.0,293.0,247.0,323.0,UNKNOWN,4.0,False,00:41:10,Haas F1 Team,MSC,1,True,2021-10-09 12:29:04.214
262,00:44:10,47,00:01:34,15,5,,00:44:09,00:00:35,00:00:33,00:00:25,00:43:10,00:43:44,00:44:10,173.0,266.0,,304.0,SOFT,5.0,False,00:42:35,Haas F1 Team,MSC,1,False,2021-10-09 12:30:29.564
263,00:47:32,47,,16,5,00:45:49,,,00:00:34,00:00:37,,00:46:55,00:47:32,262.0,283.0,250.0,96.0,UNKNOWN,2.0,False,00:44:10,Haas F1 Team,MSC,2,False,2021-10-09 12:32:04.060
264,00:48:57,47,00:01:25,17,5,,,00:00:31,00:00:29,00:00:23,00:48:04,00:48:34,00:48:57,279.0,291.0,248.0,320.0,SOFT,7.0,False,00:47:32,Haas F1 Team,MSC,1,True,2021-10-09 12:35:26.778
265,00:51:00,47,00:02:02,18,5,,,00:00:40,00:00:47,00:00:34,00:49:38,00:50:25,00:51:00,224.0,205.0,250.0,186.0,SOFT,8.0,False,00:48:57,Haas F1 Team,MSC,1,True,2021-10-09 12:36:51.978
266,00:52:58,47,00:01:57,19,5,,00:52:57,00:00:41,,00:00:37,00:51:41,00:52:20,00:52:58,200.0,270.0,,129.0,SOFT,9.0,False,00:51:00,Haas F1 Team,MSC,2,False,2021-10-09 12:38:54.133
267,00:14:52,3,,1,1,00:12:43,,,00:00:34,00:00:55,,00:13:57,00:14:52,252.0,270.0,251.0,76.0,SOFT,1.0,True,,McLaren,RIC,2,False,
268,00:16:42,3,00:01:49,2,1,,,00:00:39,00:00:37,00:00:33,00:15:31,00:16:09,00:16:42,101.0,270.0,251.0,266.0,SOFT,2.0,True,00:14:52,McLaren,RIC,2,True,2021-10-09 12:02:46.350
269,00:18:09,3,00:01:27,3,1,,,00:00:33,00:00:30,00:00:23,00:17:15,00:17:45,00:18:09,275.0,292.0,252.0,318.0,SOFT,3.0,True,00:16:42,McLaren,RIC,1,True,2021-10-09 12:04:36.243
270,00:20:00,3,00:01:50,4,1,,,00:00:45,00:00:38,00:00:26,00:18:55,00:19:33,00:20:00,132.0,264.0,234.0,298.0,SOFT,4.0,True,00:18:09,McLaren,RIC,2,True,2021-10-09 12:06:03.583
271,00:21:44,3,00:01:44,5,1,,,00:00:38,00:00:36,00:00:28,00:20:38,00:21:15,00:21:44,261.0,266.0,253.0,281.0,SOFT,5.0,True,00:20:00,McLaren,RIC,2,True,2021-10-09 12:07:54.162
272,00:23:10,3,00:01:26,6,1,,,00:00:32,00:00:30,00:00:23,00:22:17,00:22:47,00:23:10,277.0,289.0,253.0,318.0,SOFT,6.0,True,00:21:44,McLaren,RIC,2,True,2021-10-09 12:09:38.185
273,00:24:50,3,00:01:39,7,2,,00:24:49,00:00:36,00:00:35,00:00:27,00:23:47,00:24:22,00:24:50,256.0,272.0,,283.0,SOFT,1.0,True,00:23:10,McLaren,RIC,1,False,2021-10-09 12:11:04.687
274,00:28:27,3,,8,2,00:26:49,,,00:00:34,00:00:28,,00:27:58,00:28:27,260.0,273.0,253.0,304.0,SOFT,2.0,True,00:24:50,McLaren,RIC,1,False,2021-10-09 12:12:44.455
275,00:29:53,3,00:01:25,9,2,,,00:00:32,00:00:29,00:00:23,00:29:00,00:29:29,00:29:53,278.0,292.0,253.0,319.0,SOFT,3.0,True,00:28:27,McLaren,RIC,1,True,2021-10-09 12:16:21.416
276,00:31:43,3,00:01:50,10,2,,00:31:43,00:00:43,00:00:36,00:00:30,00:30:36,00:31:13,00:31:43,205.0,273.0,,283.0,SOFT,4.0,True,00:29:53,McLaren,RIC,1,False,2021-10-09 12:17:47.297
277,00:14:58,4,,1,1,00:12:51,,,00:00:36,00:00:55,,00:14:03,00:14:58,261.0,207.0,242.0,217.0,SOFT,1.0,True,,McLaren,NOR,2,False,
278,00:16:26,4,00:01:28,2,1,,,00:00:34,00:00:30,00:00:23,00:15:32,00:16:02,00:16:26,277.0,291.0,252.0,319.0,SOFT,2.0,True,00:14:58,McLaren,NOR,2,True,2021-10-09 12:02:52.326
279,00:18:08,4,00:01:41,3,1,,,00:00:38,00:00:34,00:00:28,00:17:04,00:17:39,00:18:08,240.0,267.0,245.0,261.0,SOFT,3.0,True,00:16:26,McLaren,NOR,1,True,2021-10-09 12:04:20.405
280,00:19:34,4,00:01:26,4,1,,,00:00:32,00:00:29,00:00:23,00:18:40,00:19:10,00:19:34,277.0,292.0,252.0,318.0,SOFT,4.0,True,00:18:08,McLaren,NOR,1,True,2021-10-09 12:06:02.168
281,00:21:23,4,00:01:49,5,1,,,00:00:44,00:00:37,00:00:27,00:20:18,00:20:56,00:21:23,164.0,267.0,253.0,238.0,SOFT,5.0,True,00:19:34,McLaren,NOR,2,True,2021-10-09 12:07:28.178
282,00:22:58,4,00:01:34,6,2,,00:22:57,00:00:33,00:00:34,00:00:26,00:21:57,00:22:31,00:22:58,250.0,273.0,,275.0,SOFT,1.0,True,00:21:23,McLaren,NOR,2,False,2021-10-09 12:09:17.976
283,00:26:21,4,,7,2,00:24:43,,,00:00:38,00:00:27,,00:25:54,00:26:21,263.0,195.0,253.0,283.0,SOFT,2.0,True,00:22:58,McLaren,NOR,1,False,2021-10-09 12:10:52.179
284,00:27:46,4,00:01:25,8,2,,,00:00:32,00:00:29,00:00:23,00:26:53,00:27:23,00:27:46,278.0,294.0,252.0,319.0,SOFT,3.0,True,00:26:21,McLaren,NOR,1,True,2021-10-09 12:14:15.689
285,00:29:55,4,00:02:08,9,2,,,00:00:42,00:00:42,00:00:43,00:28:29,00:29:11,00:29:55,206.0,205.0,252.0,83.0,SOFT,4.0,True,00:27:46,McLaren,NOR,1,True,2021-10-09 12:15:40.827
286,00:31:24,4,00:01:29,10,3,,00:31:24,00:00:32,00:00:29,00:00:27,00:30:27,00:30:57,00:31:24,278.0,291.0,,287.0,SOFT,1.0,True,00:29:55,McLaren,NOR,1,False,2021-10-09 12:17:49.215
287,00:39:57,4,,11,3,00:37:53,,,00:00:38,00:00:49,,00:39:08,00:39:57,254.0,265.0,252.0,53.0,UNKNOWN,2.0,False,00:31:24,McLaren,NOR,1,False,2021-10-09 12:19:18.654
288,00:41:34,4,00:01:37,12,3,,,00:00:36,00:00:35,00:00:25,00:40:33,00:41:09,00:41:34,264.0,268.0,254.0,272.0,UNKNOWN,3.0,False,00:39:57,McLaren,NOR,2,True,2021-10-09 12:27:51.354
289,00:42:59,4,00:01:24,13,3,,,00:00:31,00:00:29,00:00:23,00:42:06,00:42:35,00:42:59,278.0,291.0,251.0,316.0,MEDIUM,4.0,True,00:41:34,McLaren,NOR,1,True,2021-10-09 12:29:28.534
290,00:44:38,4,00:01:39,14,4,,00:44:37,00:00:36,00:00:36,00:00:27,00:43:35,00:44:11,00:44:38,255.0,271.0,,209.0,MEDIUM,1.0,True,00:42:59,McLaren,NOR,1,False,2021-10-09 12:30:53.176
291,00:48:46,4,,15,4,00:47:09,,,00:00:40,00:00:25,,00:48:21,00:48:46,257.0,242.0,254.0,294.0,UNKNOWN,2.0,False,00:44:38,McLaren,NOR,2,False,2021-10-09 12:32:32.576
292,00:50:11,4,00:01:24,16,4,,,00:00:31,00:00:29,00:00:23,00:49:18,00:49:48,00:50:11,277.0,290.0,252.0,315.0,MEDIUM,3.0,True,00:48:46,McLaren,NOR,1,True,2021-10-09 12:36:40.768
293,00:51:53,4,00:01:41,17,4,,,00:00:35,00:00:39,00:00:26,00:50:47,00:51:27,00:51:53,215.0,273.0,255.0,211.0,MEDIUM,4.0,True,00:50:11,McLaren,NOR,2,True,2021-10-09 12:38:05.533
294,00:53:21,4,00:01:28,18,4,,,00:00:31,00:00:29,00:00:27,00:52:24,00:52:54,00:53:21,279.0,292.0,104.0,317.0,MEDIUM,5.0,True,00:51:53,McLaren,NOR,1,True,2021-10-09 12:39:47.451
295,00:55:08,4,00:01:46,19,5,,00:55:08,00:00:41,00:00:36,00:00:29,00:54:03,00:54:39,00:55:08,222.0,181.0,,208.0,MEDIUM,1.0,True,00:53:21,McLaren,NOR,1,False,2021-10-09 12:41:16.036
296,01:02:20,4,,20,5,01:00:27,,,00:00:43,00:00:32,,01:01:48,01:02:20,264.0,268.0,253.0,242.0,SOFT,2.0,True,00:55:08,McLaren,NOR,1,False,2021-10-09 12:43:02.914
297,01:03:44,4,00:01:24,21,5,,,00:00:31,00:00:29,00:00:23,01:02:52,01:03:21,01:03:44,276.0,293.0,253.0,316.0,SOFT,3.0,True,01:02:20,McLaren,NOR,1,True,2021-10-09 12:50:14.805
298,01:05:23,4,00:01:39,22,6,,01:05:23,00:00:36,00:00:36,00:00:26,01:04:21,01:04:57,01:05:23,222.0,275.0,,232.0,SOFT,1.0,True,01:03:44,McLaren,NOR,1,False,2021-10-09 12:51:38.858
299,01:11:02,4,,23,6,01:09:24,,,00:00:36,00:00:28,,01:10:34,01:11:02,260.0,267.0,254.0,279.0,SOFT,2.0,True,01:05:23,McLaren,NOR,1,False,2021-10-09 12:53:17.969
300,01:12:26,4,00:01:23,24,6,,,00:00:31,00:00:29,00:00:23,01:11:34,01:12:03,01:12:26,277.0,291.0,252.0,318.0,SOFT,3.0,True,01:11:02,McLaren,NOR,1,True,2021-10-09 12:58:56.913
301,01:14:03,4,,25,6,,01:15:09,00:00:38,00:00:35,00:00:23,01:13:05,01:13:40,01:15:09,207.0,274.0,,189.0,SOFT,4.0,True,01:12:26,McLaren,NOR,1,False,2021-10-09 13:00:20.867
302,00:15:11,18,,1,1,00:12:54,,,00:00:33,00:01:04,,00:14:06,00:15:11,258.0,273.0,250.0,90.0,SOFT,1.0,True,,Aston Martin,STR,1,False,
303,00:16:56,18,00:01:44,2,1,,,00:00:38,00:00:35,00:00:30,00:15:49,00:16:25,00:16:56,259.0,274.0,249.0,227.0,SOFT,2.0,True,00:15:11,Aston Martin,STR,2,True,2021-10-09 12:03:05.237
304,00:18:23,18,00:01:27,3,1,,,00:00:33,00:00:30,00:00:23,00:17:29,00:17:59,00:18:23,276.0,294.0,253.0,325.0,SOFT,3.0,True,00:16:56,Aston Martin,STR,1,True,2021-10-09 12:04:50.093
305,00:20:07,18,00:01:43,4,2,,00:20:06,00:00:36,00:00:38,00:00:28,00:18:59,00:19:38,00:20:07,195.0,266.0,,244.0,SOFT,1.0,True,00:18:23,Aston Martin,STR,2,False,2021-10-09 12:06:17.434
306,00:25:32,18,,5,2,00:23:52,,,00:00:35,00:00:29,,00:25:03,00:25:33,263.0,273.0,250.0,297.0,SOFT,2.0,True,00:20:07,Aston Martin,STR,2,False,2021-10-09 12:08:01.065
307,00:26:59,18,00:01:26,6,2,,,00:00:33,00:00:30,00:00:23,00:26:05,00:26:35,00:26:59,279.0,291.0,251.0,318.0,SOFT,3.0,True,00:25:32,Aston Martin,STR,1,True,2021-10-09 12:13:26.933
308,00:28:56,18,00:01:56,7,2,,,00:00:44,00:00:44,00:00:27,00:27:44,00:28:28,00:28:56,188.0,257.0,251.0,218.0,SOFT,4.0,True,00:26:59,Aston Martin,STR,1,True,2021-10-09 12:14:53.504
309,00:30:21,18,00:01:25,8,2,,,00:00:32,00:00:29,00:00:23,00:29:28,00:29:58,00:30:21,279.0,293.0,251.0,319.0,SOFT,5.0,True,00:28:56,Aston Martin,STR,1,True,2021-10-09 12:16:50.218
310,00:32:03,18,00:01:42,9,3,,00:32:03,00:00:36,00:00:35,00:00:30,00:30:58,00:31:33,00:32:03,250.0,239.0,,213.0,SOFT,1.0,True,00:30:21,Aston Martin,STR,1,False,2021-10-09 12:18:15.729
311,00:39:18,18,,10,3,00:37:34,,,00:00:33,00:00:35,,00:38:43,00:39:18,266.0,279.0,251.0,262.0,UNKNOWN,2.0,False,00:32:03,Aston Martin,STR,1,False,2021-10-09 12:19:57.757
312,00:41:03,18,00:01:44,11,3,,,00:00:35,00:00:41,00:00:27,00:39:54,00:40:36,00:41:03,232.0,274.0,250.0,283.0,UNKNOWN,3.0,False,00:39:18,Aston Martin,STR,2,True,2021-10-09 12:27:12.857
313,00:42:28,18,00:01:25,12,3,,,00:00:32,00:00:29,00:00:23,00:41:35,00:42:05,00:42:28,279.0,293.0,252.0,320.0,MEDIUM,4.0,True,00:41:03,Aston Martin,STR,1,True,2021-10-09 12:28:57.324
314,00:44:02,18,00:01:33,13,4,,00:44:01,00:00:34,00:00:32,00:00:26,00:43:03,00:43:35,00:44:02,256.0,275.0,,260.0,MEDIUM,1.0,True,00:42:28,Aston Martin,STR,1,False,2021-10-09 12:30:22.608
315,00:47:26,18,,14,4,00:45:46,,,00:00:32,00:00:34,,00:46:51,00:47:26,263.0,276.0,252.0,193.0,UNKNOWN,2.0,False,00:44:02,Aston Martin,STR,2,False,2021-10-09 12:31:56.099
316,00:48:51,18,00:01:24,15,4,,,00:00:31,00:00:29,00:00:23,00:47:58,00:48:28,00:48:51,278.0,292.0,251.0,322.0,MEDIUM,3.0,True,00:47:26,Aston Martin,STR,1,True,2021-10-09 12:35:20.694
317,00:50:53,18,00:02:02,16,4,,,00:00:41,00:00:49,00:00:32,00:49:32,00:50:21,00:50:53,163.0,254.0,251.0,143.0,MEDIUM,4.0,True,00:48:51,Aston Martin,STR,1,True,2021-10-09 12:36:45.295
318,00:53:00,18,00:02:06,17,5,,00:52:59,00:00:55,00:00:41,00:00:29,00:51:49,00:52:30,00:53:00,96.0,276.0,,263.0,MEDIUM,1.0,True,00:50:53,Aston Martin,STR,2,False,2021-10-09 12:38:47.927
319,01:02:34,18,,18,5,01:00:51,,,00:00:34,00:00:36,,01:01:58,01:02:35,261.0,272.0,251.0,189.0,SOFT,7.0,False,00:53:00,Aston Martin,STR,1,False,2021-10-09 12:40:54.394
320,01:04:00,18,00:01:25,19,5,,,00:00:32,00:00:29,00:00:23,01:03:07,01:03:36,01:04:00,277.0,292.0,250.0,319.0,SOFT,8.0,False,01:02:34,Aston Martin,STR,1,True,2021-10-09 12:50:29.032
321,01:05:44,18,00:01:44,20,6,,01:05:44,00:00:34,00:00:32,00:00:37,01:04:34,01:05:07,01:05:44,254.0,276.0,,126.0,SOFT,6.0,False,01:04:00,Aston Martin,STR,1,False,2021-10-09 12:51:54.144
322,01:11:23,18,,21,6,01:09:37,,,00:00:34,00:00:37,,01:10:46,01:11:23,263.0,270.0,251.0,175.0,SOFT,2.0,True,01:05:44,Aston Martin,STR,1,False,2021-10-09 12:53:38.855
323,01:12:48,18,00:01:24,22,6,,,00:00:31,00:00:29,00:00:23,01:11:55,01:12:24,01:12:48,278.0,291.0,250.0,318.0,SOFT,3.0,True,01:11:23,Aston Martin,STR,1,True,2021-10-09 12:59:17.924
324,00:14:14,9,,1,1,00:12:15,,,00:00:38,00:00:38,,00:13:35,00:14:14,246.0,271.0,249.0,228.0,SOFT,1.0,True,,Haas F1 Team,MAZ,1,False,
325,00:15:52,9,00:01:38,2,1,,,00:00:37,00:00:33,00:00:27,00:14:52,00:15:25,00:15:52,273.0,264.0,249.0,275.0,SOFT,2.0,True,00:14:14,Haas F1 Team,MAZ,2,True,2021-10-09 12:02:08.741
326,00:17:22,9,00:01:29,3,1,,,00:00:34,00:00:30,00:00:24,00:16:27,00:16:58,00:17:22,278.0,294.0,248.0,330.0,SOFT,3.0,True,00:15:52,Haas F1 Team,MAZ,1,True,2021-10-09 12:03:46.853
327,00:19:01,9,00:01:38,4,2,,00:19:00,00:00:36,00:00:36,00:00:25,00:17:58,00:18:35,00:19:01,255.0,266.0,,297.0,SOFT,1.0,True,00:17:22,Haas F1 Team,MAZ,1,False,2021-10-09 12:05:16.312
328,00:22:13,9,,5,2,00:20:31,,,00:00:34,00:00:31,,00:21:41,00:22:13,255.0,265.0,250.0,220.0,SOFT,2.0,True,00:19:01,Haas F1 Team,MAZ,2,False,2021-10-09 12:06:55.210
329,00:24:09,9,00:01:56,6,3,,00:24:09,00:00:53,00:00:35,00:00:27,00:23:06,00:23:42,00:24:09,262.0,263.0,,271.0,SOFT,1.0,True,00:22:13,Haas F1 Team,MAZ,2,False,2021-10-09 12:10:07.616
330,00:27:12,9,,7,3,00:25:29,,,00:00:37,00:00:29,,00:26:43,00:27:13,139.0,244.0,250.0,209.0,SOFT,2.0,True,00:24:09,Haas F1 Team,MAZ,1,False,2021-10-09 12:12:04.023
331,00:28:58,9,00:01:45,8,3,,,00:00:42,00:00:35,00:00:27,00:27:55,00:28:31,00:28:58,255.0,257.0,249.0,246.0,SOFT,3.0,True,00:27:12,Haas F1 Team,MAZ,1,True,2021-10-09 12:15:06.924
332,00:30:27,9,00:01:28,9,3,,,00:00:34,00:00:30,00:00:23,00:29:32,00:30:03,00:30:27,280.0,294.0,250.0,327.0,SOFT,4.0,True,00:28:58,Haas F1 Team,MAZ,1,True,2021-10-09 12:16:52.770
333,00:32:08,9,00:01:41,10,3,,00:32:07,00:00:39,00:00:33,00:00:27,00:31:07,00:31:40,00:32:08,252.0,265.0,,283.0,SOFT,5.0,True,00:30:27,Haas F1 Team,MAZ,1,False,2021-10-09 12:18:21.219
334,00:14:29,44,,1,1,00:12:33,,,00:00:33,00:00:41,,00:13:48,00:14:29,257.0,271.0,242.0,177.0,SOFT,,True,,Mercedes,HAM,1,False,
335,00:16:01,44,00:01:31,2,1,,,00:00:37,00:00:30,00:00:23,00:15:06,00:15:37,00:16:01,274.0,291.0,251.0,309.0,SOFT,,True,00:14:29,Mercedes,HAM,2,True,2021-10-09 12:02:23.429
336,00:17:28,44,00:01:27,3,1,,,00:00:33,00:00:30,00:00:23,00:16:34,00:17:04,00:17:28,272.0,293.0,251.0,315.0,SOFT,,True,00:16:01,Mercedes,HAM,1,True,2021-10-09 12:03:55.070
337,00:18:54,44,00:01:26,4,1,,,00:00:32,00:00:30,00:00:23,00:18:00,00:18:31,00:18:54,271.0,296.0,253.0,319.0,SOFT,,True,00:17:28,Mercedes,HAM,1,True,2021-10-09 12:05:22.155
338,00:20:44,44,00:01:49,5,1,,,00:00:37,00:00:44,00:00:28,00:19:31,00:20:16,00:20:44,209.0,217.0,251.0,289.0,SOFT,,True,00:18:54,Mercedes,HAM,2,True,2021-10-09 12:06:48.675
339,00:22:22,44,00:01:38,6,1,,,00:00:38,00:00:34,00:00:25,00:21:22,00:21:56,00:22:22,259.0,273.0,253.0,280.0,SOFT,,True,00:20:44,Mercedes,HAM,2,True,2021-10-09 12:08:38.502
340,00:23:59,44,00:01:36,7,1,,,00:00:36,00:00:34,00:00:26,00:22:58,00:23:32,00:23:59,263.0,273.0,253.0,233.0,SOFT,,True,00:22:22,Mercedes,HAM,2,True,2021-10-09 12:10:16.578
341,00:25:24,44,00:01:25,8,1,,,00:00:32,00:00:29,00:00:23,00:24:31,00:25:01,00:25:24,281.0,294.0,251.0,322.0,SOFT,,True,00:23:59,Mercedes,HAM,1,True,2021-10-09 12:11:53.133
342,00:27:10,44,00:01:46,9,1,,,00:00:38,00:00:40,00:00:26,00:26:03,00:26:43,00:27:10,123.0,272.0,254.0,259.0,SOFT,,True,00:25:24,Mercedes,HAM,1,True,2021-10-09 12:13:18.183
343,00:28:34,44,00:01:24,10,1,,,00:00:31,00:00:29,00:00:22,00:27:42,00:28:11,00:28:34,280.0,294.0,252.0,324.0,SOFT,,True,00:27:10,Mercedes,HAM,1,True,2021-10-09 12:15:04.199
344,00:30:17,44,00:01:43,11,2,,00:30:16,00:00:39,00:00:36,00:00:27,00:29:14,00:29:50,00:30:17,232.0,276.0,,277.0,SOFT,,True,00:28:34,Mercedes,HAM,1,False,2021-10-09 12:16:28.784
345,00:38:53,44,,12,2,00:37:18,,,00:00:33,00:00:26,,00:38:26,00:38:53,260.0,271.0,251.0,231.0,UNKNOWN,2.0,False,00:30:17,Mercedes,HAM,1,False,2021-10-09 12:18:11.999
346,00:40:23,44,00:01:29,13,2,,,00:00:33,00:00:32,00:00:24,00:39:26,00:39:58,00:40:23,259.0,272.0,247.0,301.0,UNKNOWN,3.0,False,00:38:53,Mercedes,HAM,2,True,2021-10-09 12:26:47.477
347,00:41:54,44,00:01:31,14,2,,,00:00:33,00:00:31,00:00:25,00:40:57,00:41:28,00:41:54,267.0,274.0,255.0,282.0,MEDIUM,4.0,True,00:40:23,Mercedes,HAM,2,True,2021-10-09 12:28:17.164
348,00:43:18,44,00:01:23,15,2,,,00:00:31,00:00:29,00:00:22,00:42:26,00:42:55,00:43:18,281.0,295.0,252.0,322.0,MEDIUM,5.0,True,00:41:54,Mercedes,HAM,1,True,2021-10-09 12:29:48.546
349,00:44:50,44,00:01:31,16,3,,00:44:49,00:00:34,00:00:31,00:00:25,00:43:52,00:44:24,00:44:50,255.0,274.0,,253.0,MEDIUM,1.0,True,00:43:18,Mercedes,HAM,1,False,2021-10-09 12:31:12.141
350,00:48:20,44,,17,3,00:46:48,,,00:00:33,00:00:25,,00:47:54,00:48:20,262.0,271.0,254.0,286.0,MEDIUM,2.0,True,00:44:50,Mercedes,HAM,2,False,2021-10-09 12:32:44.120
351,00:49:49,44,00:01:29,18,3,,,00:00:33,00:00:31,00:00:25,00:48:53,00:49:24,00:49:49,,274.0,254.0,289.0,MEDIUM,3.0,True,00:48:20,Mercedes,HAM,1,True,2021-10-09 12:36:14.058
352,00:51:12,44,00:01:23,19,3,,,00:00:31,00:00:29,00:00:22,00:50:20,00:50:50,00:51:12,281.0,296.0,251.0,327.0,MEDIUM,4.0,True,00:49:49,Mercedes,HAM,2,True,2021-10-09 12:37:43.816
353,00:52:47,44,00:01:34,20,4,,00:52:47,00:00:31,00:00:35,00:00:27,00:51:44,00:52:20,00:52:47,272.0,264.0,,178.0,MEDIUM,1.0,True,00:51:12,Mercedes,HAM,1,False,2021-10-09 12:39:06.898
354,01:01:42,44,,21,4,01:00:10,,,00:00:32,00:00:26,,01:01:15,01:01:42,261.0,207.0,254.0,269.0,SOFT,2.0,True,00:52:47,Mercedes,HAM,1,False,2021-10-09 12:40:41.711
355,01:03:05,44,00:01:23,22,4,,,00:00:31,00:00:29,00:00:22,01:02:13,01:02:42,01:03:05,280.0,295.0,251.0,321.0,SOFT,3.0,True,01:01:42,Mercedes,HAM,1,True,2021-10-09 12:49:36.455
356,01:04:39,44,00:01:34,23,5,,01:04:39,00:00:34,00:00:33,00:00:25,01:03:40,01:04:14,01:04:39,255.0,275.0,,261.0,SOFT,1.0,True,01:03:05,Mercedes,HAM,1,False,2021-10-09 12:50:59.548
357,01:08:27,44,,24,5,01:06:59,,,00:00:32,00:00:24,,01:08:02,01:08:27,265.0,272.0,253.0,275.0,SOFT,2.0,True,01:04:39,Mercedes,HAM,1,False,2021-10-09 12:52:34.007
358,01:09:50,44,00:01:22,25,5,,,00:00:30,00:00:29,00:00:22,01:08:57,01:09:27,01:09:50,279.0,295.0,252.0,321.0,SOFT,3.0,True,01:08:27,Mercedes,HAM,1,True,2021-10-09 12:56:21.271
359,01:11:34,44,00:01:44,26,5,,,00:00:39,00:00:36,00:00:28,01:10:29,01:11:06,01:11:34,155.0,269.0,255.0,205.0,SOFT,4.0,True,01:09:50,Mercedes,HAM,1,True,2021-10-09 12:57:44.139
360,01:12:57,44,00:01:23,27,5,,,00:00:30,00:00:29,00:00:22,01:12:05,01:12:34,01:12:57,281.0,292.0,251.0,323.0,SOFT,5.0,True,01:11:34,Mercedes,HAM,1,True,2021-10-09 12:59:28.549
361,01:14:54,44,00:01:56,28,5,,01:14:53,00:00:42,00:00:37,00:00:36,01:13:40,01:14:18,01:14:54,216.0,226.0,,213.0,SOFT,6.0,True,01:12:57,Mercedes,HAM,1,False,2021-10-09 13:00:51.714
362,00:14:03,6,,1,1,00:12:14,,,00:00:37,00:00:31,,00:13:31,00:14:03,242.0,266.0,250.0,168.0,SOFT,1.0,True,,Williams,LAT,1,False,
363,00:15:33,6,00:01:30,2,1,,,00:00:34,00:00:31,00:00:24,00:14:37,00:15:08,00:15:33,280.0,293.0,252.0,307.0,SOFT,2.0,True,00:14:03,Williams,LAT,2,True,2021-10-09 12:01:57.255
364,00:17:01,6,00:01:28,3,1,,,00:00:33,00:00:30,00:00:23,00:16:07,00:16:37,00:17:01,281.0,295.0,252.0,323.0,SOFT,3.0,True,00:15:33,Williams,LAT,1,True,2021-10-09 12:03:27.506
365,00:18:47,6,00:01:45,4,1,,,00:00:38,00:00:37,00:00:28,00:17:40,00:18:18,00:18:47,167.0,199.0,254.0,276.0,SOFT,4.0,True,00:17:01,Williams,LAT,1,True,2021-10-09 12:04:55.603
366,00:20:13,6,00:01:26,5,1,,,00:00:32,00:00:30,00:00:23,00:19:19,00:19:49,00:20:13,280.0,296.0,253.0,326.0,SOFT,5.0,True,00:18:47,Williams,LAT,2,True,2021-10-09 12:06:41.206
367,00:22:03,6,00:01:49,6,2,,00:22:02,00:00:37,00:00:43,00:00:28,00:20:51,00:21:35,00:22:03,212.0,275.0,,249.0,SOFT,1.0,True,00:20:13,Williams,LAT,1,False,2021-10-09 12:08:07.729
368,00:25:43,6,,7,2,00:23:56,,,00:00:34,00:00:35,,00:25:08,00:25:43,255.0,276.0,253.0,259.0,SOFT,2.0,True,00:22:03,Williams,LAT,2,False,2021-10-09 12:09:57.600
369,00:27:20,6,00:01:36,8,2,,,00:00:35,00:00:34,00:00:26,00:26:19,00:26:53,00:27:20,265.0,274.0,252.0,298.0,SOFT,3.0,True,00:25:43,Williams,LAT,1,True,2021-10-09 12:13:37.534
370,00:28:46,6,00:01:26,9,2,,,00:00:32,00:00:30,00:00:23,00:27:52,00:28:22,00:28:46,281.0,297.0,255.0,330.0,SOFT,4.0,True,00:27:20,Williams,LAT,1,True,2021-10-09 12:15:14.257
371,00:30:37,6,00:01:51,10,2,,00:30:36,00:00:37,00:00:44,00:00:29,00:29:23,00:30:08,00:30:37,257.0,279.0,,290.0,SOFT,5.0,True,00:28:46,Williams,LAT,1,False,2021-10-09 12:16:40.343
372,00:14:07,63,,1,1,00:12:15,,,00:00:36,00:00:35,,00:13:32,00:14:08,230.0,273.0,245.0,168.0,SOFT,1.0,True,,Williams,RUS,1,False,
373,00:15:38,63,00:01:30,2,1,,,00:00:34,00:00:31,00:00:24,00:14:42,00:15:14,00:15:38,272.0,291.0,249.0,307.0,SOFT,2.0,True,00:14:07,Williams,RUS,2,True,2021-10-09 12:02:01.770
374,00:17:06,63,00:01:28,3,1,,,00:00:33,00:00:30,00:00:23,00:16:12,00:16:42,00:17:06,,294.0,250.0,318.0,SOFT,3.0,True,00:15:38,Williams,RUS,1,True,2021-10-09 12:03:32.650
375,00:18:34,63,00:01:27,4,1,,,00:00:33,00:00:30,00:00:23,00:17:39,00:18:10,00:18:34,268.0,293.0,250.0,307.0,SOFT,4.0,True,00:17:06,Williams,RUS,1,True,2021-10-09 12:05:00.697
376,00:20:22,63,00:01:48,5,1,,,00:00:36,00:00:40,00:00:31,00:19:10,00:19:51,00:20:22,253.0,277.0,252.0,277.0,SOFT,5.0,True,00:18:34,Williams,RUS,2,True,2021-10-09 12:06:28.202
377,00:21:49,63,00:01:26,6,1,,,00:00:32,00:00:30,00:00:23,00:20:55,00:21:25,00:21:49,278.0,293.0,250.0,322.0,SOFT,6.0,True,00:20:22,Williams,RUS,1,True,2021-10-09 12:08:16.720
378,00:23:22,63,00:01:33,7,2,,00:23:22,00:00:34,00:00:32,00:00:26,00:22:23,00:22:56,00:23:22,256.0,274.0,,291.0,SOFT,1.0,True,00:21:49,Williams,RUS,2,False,2021-10-09 12:09:43.099
379,00:26:27,63,,8,2,00:24:51,,,00:00:34,00:00:29,,00:25:58,00:26:27,276.0,274.0,253.0,79.0,SOFT,2.0,True,00:23:22,Williams,RUS,1,False,2021-10-09 12:11:16.651
380,00:27:52,63,00:01:25,9,2,,,00:00:32,00:00:30,00:00:23,00:26:59,00:27:29,00:27:52,,293.0,247.0,319.0,SOFT,3.0,True,00:26:27,Williams,RUS,1,True,2021-10-09 12:14:21.072
381,00:29:45,63,00:01:52,10,2,,,00:00:39,00:00:37,00:00:35,00:28:32,00:29:09,00:29:45,189.0,275.0,250.0,107.0,SOFT,4.0,True,00:27:52,Williams,RUS,1,True,2021-10-09 12:15:46.987
382,00:31:11,63,00:01:25,11,2,,,00:00:31,00:00:30,00:00:23,00:30:17,00:30:47,00:31:11,277.0,292.0,250.0,318.0,SOFT,5.0,True,00:29:45,Williams,RUS,1,True,2021-10-09 12:17:39.645
383,00:32:56,63,00:01:45,12,3,,00:32:55,00:00:38,00:00:37,00:00:29,00:31:49,00:32:26,00:32:56,188.0,273.0,,148.0,SOFT,1.0,True,00:31:11,Williams,RUS,1,False,2021-10-09 12:19:05.062
384,00:40:07,63,,13,3,00:38:17,,,00:00:35,00:00:41,,00:39:26,00:40:07,259.0,273.0,248.0,257.0,UNKNOWN,2.0,False,00:32:56,Williams,RUS,2,False,2021-10-09 12:20:50.087
385,00:41:45,63,00:01:38,14,3,,,00:00:38,00:00:30,00:00:29,00:40:46,00:41:16,00:41:45,272.0,292.0,253.0,308.0,UNKNOWN,3.0,False,00:40:07,Williams,RUS,2,True,2021-10-09 12:28:01.820
386,00:43:17,63,00:01:31,15,4,,00:43:16,00:00:31,00:00:30,00:00:29,00:42:17,00:42:48,00:43:17,269.0,268.0,,210.0,SOFT,1.0,True,00:41:45,Williams,RUS,1,False,2021-10-09 12:29:39.993
387,00:47:12,63,,16,4,00:45:40,,,00:00:34,00:00:25,,00:46:46,00:47:12,271.0,273.0,251.0,252.0,UNKNOWN,2.0,False,00:43:17,Williams,RUS,2,False,2021-10-09 12:31:11.474
388,00:48:37,63,00:01:25,17,4,,,00:00:31,00:00:29,00:00:23,00:47:44,00:48:14,00:48:37,277.0,290.0,250.0,316.0,UNKNOWN,3.0,False,00:47:12,Williams,RUS,1,True,2021-10-09 12:35:06.434
389,00:50:37,63,00:02:00,18,4,,,00:00:42,00:00:46,00:00:31,00:49:19,00:50:06,00:50:37,193.0,150.0,252.0,162.0,MEDIUM,4.0,True,00:48:37,Williams,RUS,1,True,2021-10-09 12:36:31.441
390,00:52:04,63,00:01:26,19,4,,,00:00:31,00:00:29,00:00:25,00:51:09,00:51:38,00:52:04,277.0,292.0,121.0,315.0,MEDIUM,5.0,True,00:50:37,Williams,RUS,2,True,2021-10-09 12:38:31.901
391,00:54:03,63,00:01:59,20,4,,00:54:02,00:00:47,00:00:39,00:00:32,00:52:51,00:53:31,00:54:03,166.0,269.0,,153.0,MEDIUM,6.0,True,00:52:04,Williams,RUS,1,False,2021-10-09 12:39:58.228
